fixture	lane	q	rep	rc	us
c01-basic.xlsx	vole	Q1	1	0	69750
c01-basic.xlsx	vole	Q2	1	0	975
c01-basic.xlsx	vole	Q3	1	0	0
c01-basic.xlsx	vole	Q4	1	0	599
c01-basic.xlsx	vole	Q5	1	0	524
c01-basic.xlsx	vole	Q6	1	0	434
c01-basic.xlsx	vole	Q7	1	0	0
c01-basic.xlsx	vole	Q8	1	0	1239
c01-basic.xlsx	vole	Q9	1	0	474
c01-basic.xlsx	vole	Q10	1	0	2740
c01-basic.xlsx	sqlite	Q1	1	0	28238
c01-basic.xlsx	sqlite	Q2	1	0	27974
c01-basic.xlsx	sqlite	Q3	1	0	27964
c01-basic.xlsx	sqlite	Q4	1	0	28518
c01-basic.xlsx	sqlite	Q5	1	0	28614
c01-basic.xlsx	sqlite	Q6	1	0	28615
c01-basic.xlsx	sqlite	Q7	1	0	28633
c01-basic.xlsx	sqlite	Q8	1	0	29743
c01-basic.xlsx	sqlite	Q9	1	0	28364
c01-basic.xlsx	sqlite	Q10	1	0	28461
c01-basic.xlsx	duckdb	Q1	1	0	72539
c01-basic.xlsx	duckdb	Q2	1	0	72237
c01-basic.xlsx	duckdb	Q3	1	0	69755
c01-basic.xlsx	duckdb	Q4	1	0	76354
c01-basic.xlsx	duckdb	Q5	1	0	73420
c01-basic.xlsx	duckdb	Q6	1	0	73166
c01-basic.xlsx	duckdb	Q7	1	0	70628
c01-basic.xlsx	duckdb	Q8	1	0	70602
c01-basic.xlsx	duckdb	Q9	1	0	71039
c01-basic.xlsx	duckdb	Q10	1	0	70338
c01-basic.xlsx	duckdb	Q1	2	0	76547
c01-basic.xlsx	duckdb	Q2	2	0	77090
c01-basic.xlsx	duckdb	Q3	2	0	76140
c01-basic.xlsx	duckdb	Q4	2	0	78851
c01-basic.xlsx	duckdb	Q5	2	0	72093
c01-basic.xlsx	duckdb	Q6	2	0	69680
c01-basic.xlsx	duckdb	Q7	2	0	69235
c01-basic.xlsx	duckdb	Q8	2	0	69483
c01-basic.xlsx	duckdb	Q9	2	0	68735
c01-basic.xlsx	duckdb	Q10	2	0	70398
c01-basic.xlsx	sqlite	Q1	2	0	28477
c01-basic.xlsx	sqlite	Q2	2	0	28483
c01-basic.xlsx	sqlite	Q3	2	0	28786
c01-basic.xlsx	sqlite	Q4	2	0	28364
c01-basic.xlsx	sqlite	Q5	2	0	28987
c01-basic.xlsx	sqlite	Q6	2	0	28438
c01-basic.xlsx	sqlite	Q7	2	0	28478
c01-basic.xlsx	sqlite	Q8	2	0	29048
c01-basic.xlsx	sqlite	Q9	2	0	27970
c01-basic.xlsx	sqlite	Q10	2	0	28029
c01-basic.xlsx	vole	Q1	2	0	1129
c01-basic.xlsx	vole	Q2	2	0	693
c01-basic.xlsx	vole	Q3	2	0	0
c01-basic.xlsx	vole	Q4	2	0	583
c01-basic.xlsx	vole	Q5	2	0	642
c01-basic.xlsx	vole	Q6	2	0	500
c01-basic.xlsx	vole	Q7	2	0	0
c01-basic.xlsx	vole	Q8	2	0	1050
c01-basic.xlsx	vole	Q9	2	0	424
c01-basic.xlsx	vole	Q10	2	0	3796
c01-basic.xlsx	vole	Q1	3	0	1004
c01-basic.xlsx	vole	Q2	3	0	1411
c01-basic.xlsx	vole	Q3	3	0	0
c01-basic.xlsx	vole	Q4	3	0	647
c01-basic.xlsx	vole	Q5	3	0	601
c01-basic.xlsx	vole	Q6	3	0	498
c01-basic.xlsx	vole	Q7	3	0	0
c01-basic.xlsx	vole	Q8	3	0	1142
c01-basic.xlsx	vole	Q9	3	0	506
c01-basic.xlsx	vole	Q10	3	0	3717
c01-basic.xlsx	sqlite	Q1	3	0	29557
c01-basic.xlsx	sqlite	Q2	3	0	28700
c01-basic.xlsx	sqlite	Q3	3	0	29366
c01-basic.xlsx	sqlite	Q4	3	0	28975
c01-basic.xlsx	sqlite	Q5	3	0	28993
c01-basic.xlsx	sqlite	Q6	3	0	28710
c01-basic.xlsx	sqlite	Q7	3	0	28836
c01-basic.xlsx	sqlite	Q8	3	0	29718
c01-basic.xlsx	sqlite	Q9	3	0	28479
c01-basic.xlsx	sqlite	Q10	3	0	29254
c01-basic.xlsx	duckdb	Q1	3	0	73724
c01-basic.xlsx	duckdb	Q2	3	0	74140
c01-basic.xlsx	duckdb	Q3	3	0	70381
c01-basic.xlsx	duckdb	Q4	3	0	75877
c01-basic.xlsx	duckdb	Q5	3	0	73178
c01-basic.xlsx	duckdb	Q6	3	0	71327
c01-basic.xlsx	duckdb	Q7	3	0	70265
c01-basic.xlsx	duckdb	Q8	3	0	70286
c01-basic.xlsx	duckdb	Q9	3	0	71361
c01-basic.xlsx	duckdb	Q10	3	0	70377
c02-shared-table.xlsx	vole	Q1	1	0	62471
c02-shared-table.xlsx	vole	Q2	1	0	1241
c02-shared-table.xlsx	vole	Q3	1	0	0
c02-shared-table.xlsx	vole	Q4	1	0	10106
c02-shared-table.xlsx	vole	Q5	1	0	1076
c02-shared-table.xlsx	vole	Q6	1	0	803
c02-shared-table.xlsx	vole	Q7	1	0	0
c02-shared-table.xlsx	vole	Q8	1	0	1696
c02-shared-table.xlsx	vole	Q9	1	0	10354
c02-shared-table.xlsx	vole	Q10	1	0	3030
c02-shared-table.xlsx	sqlite	Q1	1	0	28678
c02-shared-table.xlsx	sqlite	Q2	1	0	28544
c02-shared-table.xlsx	sqlite	Q3	1	0	29345
c02-shared-table.xlsx	sqlite	Q4	1	0	31036
c02-shared-table.xlsx	sqlite	Q5	1	0	29803
c02-shared-table.xlsx	sqlite	Q6	1	0	29027
c02-shared-table.xlsx	sqlite	Q7	1	0	28907
c02-shared-table.xlsx	sqlite	Q8	1	0	30145
c02-shared-table.xlsx	sqlite	Q9	1	0	29379
c02-shared-table.xlsx	sqlite	Q10	1	0	29001
c02-shared-table.xlsx	duckdb	Q1	1	0	75066
c02-shared-table.xlsx	duckdb	Q2	1	0	72325
c02-shared-table.xlsx	duckdb	Q3	1	0	71908
c02-shared-table.xlsx	duckdb	Q4	1	0	74341
c02-shared-table.xlsx	duckdb	Q5	1	0	73835
c02-shared-table.xlsx	duckdb	Q6	1	0	71057
c02-shared-table.xlsx	duckdb	Q7	1	0	68570
c02-shared-table.xlsx	duckdb	Q8	1	0	70292
c02-shared-table.xlsx	duckdb	Q9	1	0	71524
c02-shared-table.xlsx	duckdb	Q10	1	0	71142
c02-shared-table.xlsx	duckdb	Q1	2	0	72849
c02-shared-table.xlsx	duckdb	Q2	2	0	73446
c02-shared-table.xlsx	duckdb	Q3	2	0	72747
c02-shared-table.xlsx	duckdb	Q4	2	0	76013
c02-shared-table.xlsx	duckdb	Q5	2	0	77811
c02-shared-table.xlsx	duckdb	Q6	2	0	70907
c02-shared-table.xlsx	duckdb	Q7	2	0	69291
c02-shared-table.xlsx	duckdb	Q8	2	0	69842
c02-shared-table.xlsx	duckdb	Q9	2	0	72952
c02-shared-table.xlsx	duckdb	Q10	2	0	73497
c02-shared-table.xlsx	sqlite	Q1	2	0	28468
c02-shared-table.xlsx	sqlite	Q2	2	0	28956
c02-shared-table.xlsx	sqlite	Q3	2	0	30581
c02-shared-table.xlsx	sqlite	Q4	2	0	29264
c02-shared-table.xlsx	sqlite	Q5	2	0	28857
c02-shared-table.xlsx	sqlite	Q6	2	0	28770
c02-shared-table.xlsx	sqlite	Q7	2	0	29081
c02-shared-table.xlsx	sqlite	Q8	2	0	30332
c02-shared-table.xlsx	sqlite	Q9	2	0	29453
c02-shared-table.xlsx	sqlite	Q10	2	0	29691
c02-shared-table.xlsx	vole	Q1	2	0	1174
c02-shared-table.xlsx	vole	Q2	2	0	923
c02-shared-table.xlsx	vole	Q3	2	0	0
c02-shared-table.xlsx	vole	Q4	2	0	746
c02-shared-table.xlsx	vole	Q5	2	0	956
c02-shared-table.xlsx	vole	Q6	2	0	791
c02-shared-table.xlsx	vole	Q7	2	0	0
c02-shared-table.xlsx	vole	Q8	2	0	1541
c02-shared-table.xlsx	vole	Q9	2	0	672
c02-shared-table.xlsx	vole	Q10	2	0	3166
c02-shared-table.xlsx	vole	Q1	3	0	1299
c02-shared-table.xlsx	vole	Q2	3	0	844
c02-shared-table.xlsx	vole	Q3	3	0	0
c02-shared-table.xlsx	vole	Q4	3	0	753
c02-shared-table.xlsx	vole	Q5	3	0	794
c02-shared-table.xlsx	vole	Q6	3	0	699
c02-shared-table.xlsx	vole	Q7	3	0	0
c02-shared-table.xlsx	vole	Q8	3	0	1501
c02-shared-table.xlsx	vole	Q9	3	0	691
c02-shared-table.xlsx	vole	Q10	3	0	2922
c02-shared-table.xlsx	sqlite	Q1	3	0	28916
c02-shared-table.xlsx	sqlite	Q2	3	0	29254
c02-shared-table.xlsx	sqlite	Q3	3	0	29735
c02-shared-table.xlsx	sqlite	Q4	3	0	29739
c02-shared-table.xlsx	sqlite	Q5	3	0	28941
c02-shared-table.xlsx	sqlite	Q6	3	0	29034
c02-shared-table.xlsx	sqlite	Q7	3	0	29337
c02-shared-table.xlsx	sqlite	Q8	3	0	29659
c02-shared-table.xlsx	sqlite	Q9	3	0	29334
c02-shared-table.xlsx	sqlite	Q10	3	0	29165
c02-shared-table.xlsx	duckdb	Q1	3	0	73666
c02-shared-table.xlsx	duckdb	Q2	3	0	74465
c02-shared-table.xlsx	duckdb	Q3	3	0	69899
c02-shared-table.xlsx	duckdb	Q4	3	0	78287
c02-shared-table.xlsx	duckdb	Q5	3	0	76119
c02-shared-table.xlsx	duckdb	Q6	3	0	73185
c02-shared-table.xlsx	duckdb	Q7	3	0	69818
c02-shared-table.xlsx	duckdb	Q8	3	0	70462
c02-shared-table.xlsx	duckdb	Q9	3	0	71884
c02-shared-table.xlsx	duckdb	Q10	3	0	71173
c03-multisheet.xlsx	vole	Q1	1	0	65539
c03-multisheet.xlsx	vole	Q2	1	0	904
c03-multisheet.xlsx	vole	Q3	1	0	0
c03-multisheet.xlsx	vole	Q4	1	0	10985
c03-multisheet.xlsx	vole	Q5	1	0	823
c03-multisheet.xlsx	vole	Q6	1	0	597
c03-multisheet.xlsx	vole	Q7	1	0	0
c03-multisheet.xlsx	vole	Q8	1	0	1022
c03-multisheet.xlsx	vole	Q9	1	0	432
c03-multisheet.xlsx	vole	Q10	1	0	2687
c03-multisheet.xlsx	sqlite	Q1	1	0	29099
c03-multisheet.xlsx	sqlite	Q2	1	0	28689
c03-multisheet.xlsx	sqlite	Q3	1	0	28767
c03-multisheet.xlsx	sqlite	Q4	1	0	28787
c03-multisheet.xlsx	sqlite	Q5	1	0	29673
c03-multisheet.xlsx	sqlite	Q6	1	0	28676
c03-multisheet.xlsx	sqlite	Q7	1	0	28775
c03-multisheet.xlsx	sqlite	Q8	1	0	29678
c03-multisheet.xlsx	sqlite	Q9	1	0	28999
c03-multisheet.xlsx	sqlite	Q10	1	0	28623
c03-multisheet.xlsx	duckdb	Q1	1	0	73820
c03-multisheet.xlsx	duckdb	Q2	1	0	75745
c03-multisheet.xlsx	duckdb	Q3	1	0	70327
c03-multisheet.xlsx	duckdb	Q4	1	0	78885
c03-multisheet.xlsx	duckdb	Q5	1	0	74403
c03-multisheet.xlsx	duckdb	Q6	1	0	71514
c03-multisheet.xlsx	duckdb	Q7	1	0	70462
c03-multisheet.xlsx	duckdb	Q8	1	0	69877
c03-multisheet.xlsx	duckdb	Q9	1	0	69982
c03-multisheet.xlsx	duckdb	Q10	1	0	71308
c03-multisheet.xlsx	duckdb	Q1	2	0	73585
c03-multisheet.xlsx	duckdb	Q2	2	0	74347
c03-multisheet.xlsx	duckdb	Q3	2	0	70913
c03-multisheet.xlsx	duckdb	Q4	2	0	76641
c03-multisheet.xlsx	duckdb	Q5	2	0	73650
c03-multisheet.xlsx	duckdb	Q6	2	0	71656
c03-multisheet.xlsx	duckdb	Q7	2	0	69583
c03-multisheet.xlsx	duckdb	Q8	2	0	69959
c03-multisheet.xlsx	duckdb	Q9	2	0	69794
c03-multisheet.xlsx	duckdb	Q10	2	0	70965
c03-multisheet.xlsx	sqlite	Q1	2	0	28582
c03-multisheet.xlsx	sqlite	Q2	2	0	28131
c03-multisheet.xlsx	sqlite	Q3	2	0	29409
c03-multisheet.xlsx	sqlite	Q4	2	0	29882
c03-multisheet.xlsx	sqlite	Q5	2	0	29218
c03-multisheet.xlsx	sqlite	Q6	2	0	29844
c03-multisheet.xlsx	sqlite	Q7	2	0	29929
c03-multisheet.xlsx	sqlite	Q8	2	0	29700
c03-multisheet.xlsx	sqlite	Q9	2	0	29193
c03-multisheet.xlsx	sqlite	Q10	2	0	29218
c03-multisheet.xlsx	vole	Q1	2	0	948
c03-multisheet.xlsx	vole	Q2	2	0	644
c03-multisheet.xlsx	vole	Q3	2	0	0
c03-multisheet.xlsx	vole	Q4	2	0	1743
c03-multisheet.xlsx	vole	Q5	2	0	651
c03-multisheet.xlsx	vole	Q6	2	0	501
c03-multisheet.xlsx	vole	Q7	2	0	0
c03-multisheet.xlsx	vole	Q8	2	0	1006
c03-multisheet.xlsx	vole	Q9	2	0	448
c03-multisheet.xlsx	vole	Q10	2	0	2884
c03-multisheet.xlsx	vole	Q1	3	0	926
c03-multisheet.xlsx	vole	Q2	3	0	589
c03-multisheet.xlsx	vole	Q3	3	0	0
c03-multisheet.xlsx	vole	Q4	3	0	572
c03-multisheet.xlsx	vole	Q5	3	0	504
c03-multisheet.xlsx	vole	Q6	3	0	485
c03-multisheet.xlsx	vole	Q7	3	0	0
c03-multisheet.xlsx	vole	Q8	3	0	929
c03-multisheet.xlsx	vole	Q9	3	0	416
c03-multisheet.xlsx	vole	Q10	3	0	3009
c03-multisheet.xlsx	sqlite	Q1	3	0	28053
c03-multisheet.xlsx	sqlite	Q2	3	0	29001
c03-multisheet.xlsx	sqlite	Q3	3	0	28681
c03-multisheet.xlsx	sqlite	Q4	3	0	28489
c03-multisheet.xlsx	sqlite	Q5	3	0	29303
c03-multisheet.xlsx	sqlite	Q6	3	0	28397
c03-multisheet.xlsx	sqlite	Q7	3	0	28741
c03-multisheet.xlsx	sqlite	Q8	3	0	29877
c03-multisheet.xlsx	sqlite	Q9	3	0	28613
c03-multisheet.xlsx	sqlite	Q10	3	0	29147
c03-multisheet.xlsx	duckdb	Q1	3	0	73837
c03-multisheet.xlsx	duckdb	Q2	3	0	74109
c03-multisheet.xlsx	duckdb	Q3	3	0	71946
c03-multisheet.xlsx	duckdb	Q4	3	0	75715
c03-multisheet.xlsx	duckdb	Q5	3	0	73192
c03-multisheet.xlsx	duckdb	Q6	3	0	71600
c03-multisheet.xlsx	duckdb	Q7	3	0	70052
c03-multisheet.xlsx	duckdb	Q8	3	0	69493
c03-multisheet.xlsx	duckdb	Q9	3	0	71316
c03-multisheet.xlsx	duckdb	Q10	3	0	71229
c04-styles.xlsx	vole	Q1	1	0	52405
c04-styles.xlsx	vole	Q2	1	0	873
c04-styles.xlsx	vole	Q3	1	0	0
c04-styles.xlsx	vole	Q4	1	0	693
c04-styles.xlsx	vole	Q5	1	0	626
c04-styles.xlsx	vole	Q6	1	0	545
c04-styles.xlsx	vole	Q7	1	0	0
c04-styles.xlsx	vole	Q8	1	0	1048
c04-styles.xlsx	vole	Q9	1	0	553
c04-styles.xlsx	vole	Q10	1	0	2831
c04-styles.xlsx	sqlite	Q1	1	0	28511
c04-styles.xlsx	sqlite	Q2	1	0	28643
c04-styles.xlsx	sqlite	Q3	1	0	28983
c04-styles.xlsx	sqlite	Q4	1	0	29007
c04-styles.xlsx	sqlite	Q5	1	0	28428
c04-styles.xlsx	sqlite	Q6	1	0	28445
c04-styles.xlsx	sqlite	Q7	1	0	28893
c04-styles.xlsx	sqlite	Q8	1	0	29806
c04-styles.xlsx	sqlite	Q9	1	0	28951
c04-styles.xlsx	sqlite	Q10	1	0	28708
c04-styles.xlsx	duckdb	Q1	1	0	73006
c04-styles.xlsx	duckdb	Q2	1	0	73697
c04-styles.xlsx	duckdb	Q3	1	0	70913
c04-styles.xlsx	duckdb	Q4	1	0	74256
c04-styles.xlsx	duckdb	Q5	1	0	74062
c04-styles.xlsx	duckdb	Q6	1	0	72626
c04-styles.xlsx	duckdb	Q7	1	0	67970
c04-styles.xlsx	duckdb	Q8	1	0	72219
c04-styles.xlsx	duckdb	Q9	1	0	71842
c04-styles.xlsx	duckdb	Q10	1	0	73498
c04-styles.xlsx	duckdb	Q1	2	0	79437
c04-styles.xlsx	duckdb	Q2	2	0	79480
c04-styles.xlsx	duckdb	Q3	2	0	78765
c04-styles.xlsx	duckdb	Q4	2	0	78650
c04-styles.xlsx	duckdb	Q5	2	0	74777
c04-styles.xlsx	duckdb	Q6	2	0	71765
c04-styles.xlsx	duckdb	Q7	2	0	67220
c04-styles.xlsx	duckdb	Q8	2	0	66245
c04-styles.xlsx	duckdb	Q9	2	0	69809
c04-styles.xlsx	duckdb	Q10	2	0	69648
c04-styles.xlsx	sqlite	Q1	2	0	28422
c04-styles.xlsx	sqlite	Q2	2	0	28260
c04-styles.xlsx	sqlite	Q3	2	0	28303
c04-styles.xlsx	sqlite	Q4	2	0	28170
c04-styles.xlsx	sqlite	Q5	2	0	28851
c04-styles.xlsx	sqlite	Q6	2	0	29045
c04-styles.xlsx	sqlite	Q7	2	0	29640
c04-styles.xlsx	sqlite	Q8	2	0	28537
c04-styles.xlsx	sqlite	Q9	2	0	28793
c04-styles.xlsx	sqlite	Q10	2	0	28853
c04-styles.xlsx	vole	Q1	2	0	942
c04-styles.xlsx	vole	Q2	2	0	784
c04-styles.xlsx	vole	Q3	2	0	0
c04-styles.xlsx	vole	Q4	2	0	612
c04-styles.xlsx	vole	Q5	2	0	544
c04-styles.xlsx	vole	Q6	2	0	506
c04-styles.xlsx	vole	Q7	2	0	0
c04-styles.xlsx	vole	Q8	2	0	1043
c04-styles.xlsx	vole	Q9	2	0	553
c04-styles.xlsx	vole	Q10	2	0	4122
c04-styles.xlsx	vole	Q1	3	0	967
c04-styles.xlsx	vole	Q2	3	0	715
c04-styles.xlsx	vole	Q3	3	0	0
c04-styles.xlsx	vole	Q4	3	0	510
c04-styles.xlsx	vole	Q5	3	0	605
c04-styles.xlsx	vole	Q6	3	0	469
c04-styles.xlsx	vole	Q7	3	0	0
c04-styles.xlsx	vole	Q8	3	0	910
c04-styles.xlsx	vole	Q9	3	0	462
c04-styles.xlsx	vole	Q10	3	0	2893
c04-styles.xlsx	sqlite	Q1	3	0	29066
c04-styles.xlsx	sqlite	Q2	3	0	28199
c04-styles.xlsx	sqlite	Q3	3	0	29115
c04-styles.xlsx	sqlite	Q4	3	0	28546
c04-styles.xlsx	sqlite	Q5	3	0	28919
c04-styles.xlsx	sqlite	Q6	3	0	28657
c04-styles.xlsx	sqlite	Q7	3	0	28624
c04-styles.xlsx	sqlite	Q8	3	0	29188
c04-styles.xlsx	sqlite	Q9	3	0	29276
c04-styles.xlsx	sqlite	Q10	3	0	28505
c04-styles.xlsx	duckdb	Q1	3	0	73291
c04-styles.xlsx	duckdb	Q2	3	0	73452
c04-styles.xlsx	duckdb	Q3	3	0	67883
c04-styles.xlsx	duckdb	Q4	3	0	71829
c04-styles.xlsx	duckdb	Q5	3	0	71997
c04-styles.xlsx	duckdb	Q6	3	0	68586
c04-styles.xlsx	duckdb	Q7	3	0	68630
c04-styles.xlsx	duckdb	Q8	3	0	72679
c04-styles.xlsx	duckdb	Q9	3	0	67882
c04-styles.xlsx	duckdb	Q10	3	0	67788
c05-wide.xlsx	vole	Q1	1	0	58169
c05-wide.xlsx	vole	Q2	1	0	1175
c05-wide.xlsx	vole	Q3	1	0	0
c05-wide.xlsx	vole	Q4	1	0	10644
c05-wide.xlsx	vole	Q5	1	0	1219
c05-wide.xlsx	vole	Q6	1	0	947
c05-wide.xlsx	vole	Q7	1	0	0
c05-wide.xlsx	vole	Q8	1	0	1568
c05-wide.xlsx	vole	Q9	1	0	10527
c05-wide.xlsx	vole	Q10	1	0	3084
c05-wide.xlsx	sqlite	Q1	1	0	28774
c05-wide.xlsx	sqlite	Q2	1	0	30737
c05-wide.xlsx	sqlite	Q3	1	0	29285
c05-wide.xlsx	sqlite	Q4	1	0	30494
c05-wide.xlsx	sqlite	Q5	1	0	28676
c05-wide.xlsx	sqlite	Q6	1	0	29060
c05-wide.xlsx	sqlite	Q7	1	0	28698
c05-wide.xlsx	sqlite	Q8	1	0	29241
c05-wide.xlsx	sqlite	Q9	1	0	29074
c05-wide.xlsx	sqlite	Q10	1	0	28308
c05-wide.xlsx	duckdb	Q1	1	0	73492
c05-wide.xlsx	duckdb	Q2	1	0	73006
c05-wide.xlsx	duckdb	Q3	1	0	71026
c05-wide.xlsx	duckdb	Q4	1	0	76692
c05-wide.xlsx	duckdb	Q5	1	0	74940
c05-wide.xlsx	duckdb	Q6	1	0	72267
c05-wide.xlsx	duckdb	Q7	1	0	71476
c05-wide.xlsx	duckdb	Q8	1	0	72527
c05-wide.xlsx	duckdb	Q9	1	0	70271
c05-wide.xlsx	duckdb	Q10	1	0	71381
c05-wide.xlsx	duckdb	Q1	2	0	75574
c05-wide.xlsx	duckdb	Q2	2	0	74901
c05-wide.xlsx	duckdb	Q3	2	0	71684
c05-wide.xlsx	duckdb	Q4	2	0	76902
c05-wide.xlsx	duckdb	Q5	2	0	74566
c05-wide.xlsx	duckdb	Q6	2	0	70514
c05-wide.xlsx	duckdb	Q7	2	0	69638
c05-wide.xlsx	duckdb	Q8	2	0	70080
c05-wide.xlsx	duckdb	Q9	2	0	71592
c05-wide.xlsx	duckdb	Q10	2	0	70327
c05-wide.xlsx	sqlite	Q1	2	0	28506
c05-wide.xlsx	sqlite	Q2	2	0	30228
c05-wide.xlsx	sqlite	Q3	2	0	29109
c05-wide.xlsx	sqlite	Q4	2	0	28545
c05-wide.xlsx	sqlite	Q5	2	0	28726
c05-wide.xlsx	sqlite	Q6	2	0	28370
c05-wide.xlsx	sqlite	Q7	2	0	28583
c05-wide.xlsx	sqlite	Q8	2	0	29322
c05-wide.xlsx	sqlite	Q9	2	0	28864
c05-wide.xlsx	sqlite	Q10	2	0	28325
c05-wide.xlsx	vole	Q1	2	0	1367
c05-wide.xlsx	vole	Q2	2	0	885
c05-wide.xlsx	vole	Q3	2	0	0
c05-wide.xlsx	vole	Q4	2	0	904
c05-wide.xlsx	vole	Q5	2	0	907
c05-wide.xlsx	vole	Q6	2	0	752
c05-wide.xlsx	vole	Q7	2	0	0
c05-wide.xlsx	vole	Q8	2	0	1608
c05-wide.xlsx	vole	Q9	2	0	758
c05-wide.xlsx	vole	Q10	2	0	2991
c05-wide.xlsx	vole	Q1	3	0	1333
c05-wide.xlsx	vole	Q2	3	0	1026
c05-wide.xlsx	vole	Q3	3	0	0
c05-wide.xlsx	vole	Q4	3	0	1082
c05-wide.xlsx	vole	Q5	3	0	914
c05-wide.xlsx	vole	Q6	3	0	836
c05-wide.xlsx	vole	Q7	3	0	0
c05-wide.xlsx	vole	Q8	3	0	1466
c05-wide.xlsx	vole	Q9	3	0	740
c05-wide.xlsx	vole	Q10	3	0	2918
c05-wide.xlsx	sqlite	Q1	3	0	28253
c05-wide.xlsx	sqlite	Q2	3	0	29168
c05-wide.xlsx	sqlite	Q3	3	0	29497
c05-wide.xlsx	sqlite	Q4	3	0	29364
c05-wide.xlsx	sqlite	Q5	3	0	29254
c05-wide.xlsx	sqlite	Q6	3	0	29111
c05-wide.xlsx	sqlite	Q7	3	0	28291
c05-wide.xlsx	sqlite	Q8	3	0	29247
c05-wide.xlsx	sqlite	Q9	3	0	28885
c05-wide.xlsx	sqlite	Q10	3	0	29213
c05-wide.xlsx	duckdb	Q1	3	0	74249
c05-wide.xlsx	duckdb	Q2	3	0	74638
c05-wide.xlsx	duckdb	Q3	3	0	72700
c05-wide.xlsx	duckdb	Q4	3	0	75961
c05-wide.xlsx	duckdb	Q5	3	0	74737
c05-wide.xlsx	duckdb	Q6	3	0	70681
c05-wide.xlsx	duckdb	Q7	3	0	71823
c05-wide.xlsx	duckdb	Q8	3	0	72044
c05-wide.xlsx	duckdb	Q9	3	0	70097
c05-wide.xlsx	duckdb	Q10	3	0	70548
c06-large.xlsx	vole	Q1	1	0	108624
c06-large.xlsx	vole	Q2	1	0	14616
c06-large.xlsx	vole	Q3	1	0	0
c06-large.xlsx	vole	Q4	1	0	24665
c06-large.xlsx	vole	Q5	1	0	13866
c06-large.xlsx	vole	Q6	1	0	14216
c06-large.xlsx	vole	Q7	1	0	0
c06-large.xlsx	vole	Q8	1	0	30329
c06-large.xlsx	vole	Q9	1	0	11961
c06-large.xlsx	vole	Q10	1	0	5531
c06-large.xlsx	sqlite	Q1	1	0	29058
c06-large.xlsx	sqlite	Q2	1	0	28613
c06-large.xlsx	sqlite	Q3	1	0	32443
c06-large.xlsx	sqlite	Q4	1	0	28619
c06-large.xlsx	sqlite	Q5	1	0	28687
c06-large.xlsx	sqlite	Q6	1	0	28594
c06-large.xlsx	sqlite	Q7	1	0	29035
c06-large.xlsx	sqlite	Q8	1	0	35836
c06-large.xlsx	sqlite	Q9	1	0	29326
c06-large.xlsx	sqlite	Q10	1	0	29685
c06-large.xlsx	duckdb	Q1	1	0	86960
c06-large.xlsx	duckdb	Q2	1	0	87178
c06-large.xlsx	duckdb	Q3	1	0	84379
c06-large.xlsx	duckdb	Q4	1	0	89053
c06-large.xlsx	duckdb	Q5	1	0	87332
c06-large.xlsx	duckdb	Q6	1	0	86549
c06-large.xlsx	duckdb	Q7	1	0	82409
c06-large.xlsx	duckdb	Q8	1	0	85501
c06-large.xlsx	duckdb	Q9	1	0	84896
c06-large.xlsx	duckdb	Q10	1	0	83173
c06-large.xlsx	duckdb	Q1	2	0	87713
c06-large.xlsx	duckdb	Q2	2	0	88612
c06-large.xlsx	duckdb	Q3	2	0	85761
c06-large.xlsx	duckdb	Q4	2	0	89163
c06-large.xlsx	duckdb	Q5	2	0	87530
c06-large.xlsx	duckdb	Q6	2	0	83124
c06-large.xlsx	duckdb	Q7	2	0	81466
c06-large.xlsx	duckdb	Q8	2	0	82677
c06-large.xlsx	duckdb	Q9	2	0	84363
c06-large.xlsx	duckdb	Q10	2	0	88598
c06-large.xlsx	sqlite	Q1	2	0	29014
c06-large.xlsx	sqlite	Q2	2	0	28590
c06-large.xlsx	sqlite	Q3	2	0	33056
c06-large.xlsx	sqlite	Q4	2	0	29213
c06-large.xlsx	sqlite	Q5	2	0	29269
c06-large.xlsx	sqlite	Q6	2	0	29837
c06-large.xlsx	sqlite	Q7	2	0	28701
c06-large.xlsx	sqlite	Q8	2	0	36276
c06-large.xlsx	sqlite	Q9	2	0	29426
c06-large.xlsx	sqlite	Q10	2	0	29125
c06-large.xlsx	vole	Q1	2	0	15205
c06-large.xlsx	vole	Q2	2	0	15398
c06-large.xlsx	vole	Q3	2	0	0
c06-large.xlsx	vole	Q4	2	0	14956
c06-large.xlsx	vole	Q5	2	0	15848
c06-large.xlsx	vole	Q6	2	0	13954
c06-large.xlsx	vole	Q7	2	0	0
c06-large.xlsx	vole	Q8	2	0	28657
c06-large.xlsx	vole	Q9	2	0	12659
c06-large.xlsx	vole	Q10	2	0	5756
c06-large.xlsx	vole	Q1	3	0	14988
c06-large.xlsx	vole	Q2	3	0	13937
c06-large.xlsx	vole	Q3	3	0	0
c06-large.xlsx	vole	Q4	3	0	13895
c06-large.xlsx	vole	Q5	3	0	13706
c06-large.xlsx	vole	Q6	3	0	15517
c06-large.xlsx	vole	Q7	3	0	0
c06-large.xlsx	vole	Q8	3	0	29955
c06-large.xlsx	vole	Q9	3	0	12655
c06-large.xlsx	vole	Q10	3	0	5295
c06-large.xlsx	sqlite	Q1	3	0	28757
c06-large.xlsx	sqlite	Q2	3	0	29101
c06-large.xlsx	sqlite	Q3	3	0	32813
c06-large.xlsx	sqlite	Q4	3	0	29704
c06-large.xlsx	sqlite	Q5	3	0	29205
c06-large.xlsx	sqlite	Q6	3	0	30557
c06-large.xlsx	sqlite	Q7	3	0	29623
c06-large.xlsx	sqlite	Q8	3	0	37587
c06-large.xlsx	sqlite	Q9	3	0	29988
c06-large.xlsx	sqlite	Q10	3	0	29249
c06-large.xlsx	duckdb	Q1	3	0	88227
c06-large.xlsx	duckdb	Q2	3	0	85797
c06-large.xlsx	duckdb	Q3	3	0	83152
c06-large.xlsx	duckdb	Q4	3	0	88954
c06-large.xlsx	duckdb	Q5	3	0	88122
c06-large.xlsx	duckdb	Q6	3	0	83313
c06-large.xlsx	duckdb	Q7	3	0	82085
c06-large.xlsx	duckdb	Q8	3	0	83020
c06-large.xlsx	duckdb	Q9	3	0	85219
c06-large.xlsx	duckdb	Q10	3	0	82743
c07-merges.xlsx	vole	Q1	1	0	65802
c07-merges.xlsx	vole	Q2	1	0	959
c07-merges.xlsx	vole	Q3	1	0	0
c07-merges.xlsx	vole	Q4	1	0	553
c07-merges.xlsx	vole	Q5	1	0	552
c07-merges.xlsx	vole	Q6	1	0	505
c07-merges.xlsx	vole	Q7	1	0	0
c07-merges.xlsx	vole	Q8	1	0	952
c07-merges.xlsx	vole	Q9	1	0	537
c07-merges.xlsx	vole	Q10	1	0	2748
c07-merges.xlsx	sqlite	Q1	1	0	29241
c07-merges.xlsx	sqlite	Q2	1	0	30990
c07-merges.xlsx	sqlite	Q3	1	0	28177
c07-merges.xlsx	sqlite	Q4	1	0	28173
c07-merges.xlsx	sqlite	Q5	1	0	28373
c07-merges.xlsx	sqlite	Q6	1	0	28321
c07-merges.xlsx	sqlite	Q7	1	0	28279
c07-merges.xlsx	sqlite	Q8	1	0	29095
c07-merges.xlsx	sqlite	Q9	1	0	28918
c07-merges.xlsx	sqlite	Q10	1	0	29472
c07-merges.xlsx	duckdb	Q1	1	0	73057
c07-merges.xlsx	duckdb	Q2	1	0	73809
c07-merges.xlsx	duckdb	Q3	1	0	70313
c07-merges.xlsx	duckdb	Q4	1	0	73427
c07-merges.xlsx	duckdb	Q5	1	0	70630
c07-merges.xlsx	duckdb	Q6	1	0	68622
c07-merges.xlsx	duckdb	Q7	1	0	71341
c07-merges.xlsx	duckdb	Q8	1	0	70309
c07-merges.xlsx	duckdb	Q9	1	0	70452
c07-merges.xlsx	duckdb	Q10	1	0	70520
c07-merges.xlsx	duckdb	Q1	2	0	73204
c07-merges.xlsx	duckdb	Q2	2	0	73963
c07-merges.xlsx	duckdb	Q3	2	0	73936
c07-merges.xlsx	duckdb	Q4	2	0	77395
c07-merges.xlsx	duckdb	Q5	2	0	73784
c07-merges.xlsx	duckdb	Q6	2	0	70178
c07-merges.xlsx	duckdb	Q7	2	0	70491
c07-merges.xlsx	duckdb	Q8	2	0	69883
c07-merges.xlsx	duckdb	Q9	2	0	69962
c07-merges.xlsx	duckdb	Q10	2	0	70584
c07-merges.xlsx	sqlite	Q1	2	0	28192
c07-merges.xlsx	sqlite	Q2	2	0	28004
c07-merges.xlsx	sqlite	Q3	2	0	28578
c07-merges.xlsx	sqlite	Q4	2	0	27907
c07-merges.xlsx	sqlite	Q5	2	0	28271
c07-merges.xlsx	sqlite	Q6	2	0	29020
c07-merges.xlsx	sqlite	Q7	2	0	28597
c07-merges.xlsx	sqlite	Q8	2	0	28845
c07-merges.xlsx	sqlite	Q9	2	0	28562
c07-merges.xlsx	sqlite	Q10	2	0	28750
c07-merges.xlsx	vole	Q1	2	0	1130
c07-merges.xlsx	vole	Q2	2	0	704
c07-merges.xlsx	vole	Q3	2	0	0
c07-merges.xlsx	vole	Q4	2	0	545
c07-merges.xlsx	vole	Q5	2	0	517
c07-merges.xlsx	vole	Q6	2	0	526
c07-merges.xlsx	vole	Q7	2	0	0
c07-merges.xlsx	vole	Q8	2	0	912
c07-merges.xlsx	vole	Q9	2	0	522
c07-merges.xlsx	vole	Q10	2	0	2964
c07-merges.xlsx	vole	Q1	3	0	1015
c07-merges.xlsx	vole	Q2	3	0	683
c07-merges.xlsx	vole	Q3	3	0	0
c07-merges.xlsx	vole	Q4	3	0	526
c07-merges.xlsx	vole	Q5	3	0	487
c07-merges.xlsx	vole	Q6	3	0	476
c07-merges.xlsx	vole	Q7	3	0	0
c07-merges.xlsx	vole	Q8	3	0	1067
c07-merges.xlsx	vole	Q9	3	0	504
c07-merges.xlsx	vole	Q10	3	0	2833
c07-merges.xlsx	sqlite	Q1	3	0	28877
c07-merges.xlsx	sqlite	Q2	3	0	28780
c07-merges.xlsx	sqlite	Q3	3	0	28415
c07-merges.xlsx	sqlite	Q4	3	0	28279
c07-merges.xlsx	sqlite	Q5	3	0	29023
c07-merges.xlsx	sqlite	Q6	3	0	29309
c07-merges.xlsx	sqlite	Q7	3	0	28967
c07-merges.xlsx	sqlite	Q8	3	0	29343
c07-merges.xlsx	sqlite	Q9	3	0	27925
c07-merges.xlsx	sqlite	Q10	3	0	29267
c07-merges.xlsx	duckdb	Q1	3	0	73290
c07-merges.xlsx	duckdb	Q2	3	0	72953
c07-merges.xlsx	duckdb	Q3	3	0	70512
c07-merges.xlsx	duckdb	Q4	3	0	74248
c07-merges.xlsx	duckdb	Q5	3	0	72086
c07-merges.xlsx	duckdb	Q6	3	0	68478
c07-merges.xlsx	duckdb	Q7	3	0	69021
c07-merges.xlsx	duckdb	Q8	3	0	68928
c07-merges.xlsx	duckdb	Q9	3	0	69165
c07-merges.xlsx	duckdb	Q10	3	0	67237
c08-external.xlsx	vole	Q1	1	0	64282
c08-external.xlsx	vole	Q2	1	0	1152
c08-external.xlsx	vole	Q3	1	0	0
c08-external.xlsx	vole	Q4	1	0	11610
c08-external.xlsx	vole	Q5	1	0	753
c08-external.xlsx	vole	Q6	1	0	510
c08-external.xlsx	vole	Q7	1	0	0
c08-external.xlsx	vole	Q8	1	0	1029
c08-external.xlsx	vole	Q9	1	0	9783
c08-external.xlsx	vole	Q10	1	0	2983
c08-external.xlsx	sqlite	Q1	1	0	27791
c08-external.xlsx	sqlite	Q2	1	0	28987
c08-external.xlsx	sqlite	Q3	1	0	29255
c08-external.xlsx	sqlite	Q4	1	0	29108
c08-external.xlsx	sqlite	Q5	1	0	29815
c08-external.xlsx	sqlite	Q6	1	0	28410
c08-external.xlsx	sqlite	Q7	1	0	29040
c08-external.xlsx	sqlite	Q8	1	0	28950
c08-external.xlsx	sqlite	Q9	1	0	29232
c08-external.xlsx	sqlite	Q10	1	0	28734
c08-external.xlsx	duckdb	Q1	1	0	72981
c08-external.xlsx	duckdb	Q2	1	0	72370
c08-external.xlsx	duckdb	Q3	1	0	69679
c08-external.xlsx	duckdb	Q4	1	0	75193
c08-external.xlsx	duckdb	Q5	1	0	74842
c08-external.xlsx	duckdb	Q6	1	0	71633
c08-external.xlsx	duckdb	Q7	1	0	69924
c08-external.xlsx	duckdb	Q8	1	0	69959
c08-external.xlsx	duckdb	Q9	1	0	69808
c08-external.xlsx	duckdb	Q10	1	0	69665
c08-external.xlsx	duckdb	Q1	2	0	72498
c08-external.xlsx	duckdb	Q2	2	0	73061
c08-external.xlsx	duckdb	Q3	2	0	73088
c08-external.xlsx	duckdb	Q4	2	0	74986
c08-external.xlsx	duckdb	Q5	2	0	72102
c08-external.xlsx	duckdb	Q6	2	0	71503
c08-external.xlsx	duckdb	Q7	2	0	70301
c08-external.xlsx	duckdb	Q8	2	0	69369
c08-external.xlsx	duckdb	Q9	2	0	71082
c08-external.xlsx	duckdb	Q10	2	0	71284
c08-external.xlsx	sqlite	Q1	2	0	28841
c08-external.xlsx	sqlite	Q2	2	0	29161
c08-external.xlsx	sqlite	Q3	2	0	28921
c08-external.xlsx	sqlite	Q4	2	0	28922
c08-external.xlsx	sqlite	Q5	2	0	29496
c08-external.xlsx	sqlite	Q6	2	0	29195
c08-external.xlsx	sqlite	Q7	2	0	28687
c08-external.xlsx	sqlite	Q8	2	0	28999
c08-external.xlsx	sqlite	Q9	2	0	29298
c08-external.xlsx	sqlite	Q10	2	0	28339
c08-external.xlsx	vole	Q1	2	0	1108
c08-external.xlsx	vole	Q2	2	0	612
c08-external.xlsx	vole	Q3	2	0	0
c08-external.xlsx	vole	Q4	2	0	501
c08-external.xlsx	vole	Q5	2	0	494
c08-external.xlsx	vole	Q6	2	0	436
c08-external.xlsx	vole	Q7	2	0	0
c08-external.xlsx	vole	Q8	2	0	875
c08-external.xlsx	vole	Q9	2	0	515
c08-external.xlsx	vole	Q10	2	0	3010
c08-external.xlsx	vole	Q1	3	0	964
c08-external.xlsx	vole	Q2	3	0	649
c08-external.xlsx	vole	Q3	3	0	0
c08-external.xlsx	vole	Q4	3	0	598
c08-external.xlsx	vole	Q5	3	0	512
c08-external.xlsx	vole	Q6	3	0	459
c08-external.xlsx	vole	Q7	3	0	0
c08-external.xlsx	vole	Q8	3	0	915
c08-external.xlsx	vole	Q9	3	0	556
c08-external.xlsx	vole	Q10	3	0	2916
c08-external.xlsx	sqlite	Q1	3	0	28415
c08-external.xlsx	sqlite	Q2	3	0	28766
c08-external.xlsx	sqlite	Q3	3	0	28473
c08-external.xlsx	sqlite	Q4	3	0	28994
c08-external.xlsx	sqlite	Q5	3	0	29549
c08-external.xlsx	sqlite	Q6	3	0	28766
c08-external.xlsx	sqlite	Q7	3	0	28691
c08-external.xlsx	sqlite	Q8	3	0	29748
c08-external.xlsx	sqlite	Q9	3	0	29219
c08-external.xlsx	sqlite	Q10	3	0	28395
c08-external.xlsx	duckdb	Q1	3	0	71109
c08-external.xlsx	duckdb	Q2	3	0	73143
c08-external.xlsx	duckdb	Q3	3	0	72081
c08-external.xlsx	duckdb	Q4	3	0	78348
c08-external.xlsx	duckdb	Q5	3	0	74715
c08-external.xlsx	duckdb	Q6	3	0	70845
c08-external.xlsx	duckdb	Q7	3	0	67997
c08-external.xlsx	duckdb	Q8	3	0	70238
c08-external.xlsx	duckdb	Q9	3	0	70266
c08-external.xlsx	duckdb	Q10	3	0	69714
