id	agency	fmt	sclass	blen	venc_rc	venc_ms	ving_rc	ving_ms	v_desc_bytes	v_store_bytes	v_transient_bytes	a1_build_rc	a1_build_ms	a1_bytes
nasa-epub-0001	nasa	epub	1-10MiB	4341936	0	100	0	305	4342390	5901005	10243395	0	126	9383936
nasa-epub-0002	nasa	epub	10-50MiB	18929328	0	436	0	762	18922173	31325247	50247420	0	122	22065152
nasa-epub-0003	nasa	epub	1-10MiB	3492358	0	88	0	562	3492812	4478732	7971544	0	579	4026368
nasa-epub-0004	nasa	epub	1-10MiB	4788734	0	118	0	205	4789188	5795016	10584204	0	52	5337088
nasa-epub-0005	nasa	epub	1-10MiB	4858060	0	112	0	260	4858462	5935638	10794100	0	56	5517312
nasa-epub-0006	nasa	epub	10-50MiB	10867010	0	236	0	559	10866279	12983154	23849433	0	408	13516800
nasa-epub-0007	nasa	epub	10-50MiB	46837603	0	1025	0	1631	46833440	50799089	97632529	0	144	47693824
nasa-epub-0008	nasa	epub	10-50MiB	25400776	0	532	0	1082	25396987	28703018	54100005	0	108	26001408
nasa-epub-0009	nasa	epub	10-50MiB	39526816	0	1520	0	1314	39518873	42790706	82309579	0	138	40054784
nasa-epub-0010	nasa	epub	10-50MiB	45000233	0	912	0	1217	44994924	47595423	92590347	1	24	0
nasa-epub-0011	nasa	epub	1-10MiB	10383142	0	234	0	547	10383053	12492308	22875361	0	123	14790656
nasa-epub-0012	nasa	epub	10-50MiB	33373737	0	796	0	919	33350929	58189047	91539976	0	137	35094528
nasa-epub-0013	nasa	epub	1-10MiB	5154672	0	125	0	256	5155126	6449398	11604524	0	53	5734400
nasa-epub-0014	nasa	epub	1-10MiB	3761566	0	98	0	215	3761394	4696160	8457554	0	101	7942144
nasa-epub-0015	nasa	epub	1-10MiB	4970228	0	112	0	249	4970682	6195322	11166004	0	55	5615616
nasa-pdf-eb-01	nasa	pdf	1-10MiB	4556385	0	707	0	4808	4406239	20922701	25328940	0	6003	10489856
nasa-pdf-eb-02	nasa	pdf	10-50MiB	20759892	0	1274	0	2354	20592796	28483847	49076643	0	2128	23789568
nasa-pdf-eb-03	nasa	pdf	1-10MiB	1619846	0	1859	0	1138	1598865	5149877	6748742	0	253	2138112
nasa-pdf-eb-04	nasa	pdf	1-10MiB	3400064	0	3034	0	803	3381173	6977790	10358963	0	568	3948544
nasa-pdf-eb-05	nasa	pdf	1-10MiB	1500825	0	2012	0	847	1477439	5304673	6782112	0	242	2125824
nasa-pdf-eb-06	nasa	pdf	1-10MiB	5695308	0	331	0	2426	5588952	14543697	20132649	0	2685	8409088
nasa-pdf-eb-07	nasa	pdf	10-50MiB	40758835	0	6585	0	66212	40375443	69438879	109814322	0	2023	41668608
nasa-pdf-eb-08	nasa	pdf	10-50MiB	35352230	0	1629	0	2061	35309296	41936181	77245477	0	2164	35909632
nasa-pdf-eb-09	nasa	pdf	10-50MiB	11308153	0	3264	0	2390	11207409	20036634	31244043	0	1952	11776000
nasa-pdf-eb-10	nasa	pdf	10-50MiB	16903230	0	1302	0	3564	14915614	26880268	41795882	0	2536	20025344
nasa-pdf-0001	nasa	pdf	>100MiB	408854600	137	3797	0	-1			0	0	9279	420708352
nasa-pdf-0002	nasa	pdf	>100MiB	308803168	124	180028	0	-1			0	0	13474	330067968
nasa-pdf-0003	nasa	pdf	>100MiB	217666672	124	180021	0	-1			0	0	13834	238088192
nasa-pdf-0004	nasa	pdf	50-100MiB	76979396	0	76258	0	10218	76790177	102330488	179120665	0	4282	82190336
nasa-pdf-0005	nasa	pdf	50-100MiB	62023430	0	3975	0	2556	61776829	66607938	128384767	0	399	62504960
nasa-pdf-0006	nasa	pdf	10-50MiB	20038953	0	935	0	1312	20004086	23901529	43905615	0	329	20557824
nasa-pdf-0007	nasa	pdf	1-10MiB	10034634	0	1340	0	1166	9824310	13203818	23028128	0	292	10502144
nasa-pdf-0008	nasa	pdf	1-10MiB	5950981	0	430	0	1223	5046572	9774468	14821040	0	265	6262784
nasa-pdf-0009	nasa	pdf	1-10MiB	2856201	0	203	0	907	2771806	6702833	9474639	0	245	3538944
nasa-pdf-0010	nasa	pdf	1-10MiB	2168794	0	132	0	603	1928735	4690845	6619580	0	140	2457600
nasa-pdf-0011	nasa	pdf	1-10MiB	2362332	0	142	0	684	2296534	5415311	7711845	0	172	2908160
nasa-pdf-0012	nasa	pdf	50-100MiB	75821728	0	5951	0	12576	73894501	106771782	180666283	0	4769	77893632
nasa-pdf-0013	nasa	pdf	50-100MiB	88486956	0	17384	0	7679	83419421	102893908	186313329	0	1190	90951680
nasa-pdf-0014	nasa	pdf	50-100MiB	65416915	0	16018	0	57520	63425910	120415507	183841417	0	24870	74096640
nasa-pdf-0015	nasa	pdf	10-50MiB	44435035	0	5137	0	2849	41304133	48528919	89833052	0	570	45846528
nasa-pdf-0016	nasa	pdf	10-50MiB	22463534	0	5143	0	15101	21874839	64794987	86669826	0	7444	26701824
nasa-pdf-0017	nasa	pdf	10-50MiB	15160566	0	1545	0	5505	14675773	32285946	46961719	0	1942	18219008
nasa-pdf-0018	nasa	pdf	1-10MiB	5063820	0	415	0	2038	4871867	12463926	17335793	0	508	6111232
nasa-pdf-0019	nasa	pdf	50-100MiB	80563700	0	5671	0	5934	80455256	96875713	177330969	0	1680	83656704
nasa-pdf-0020	nasa	pdf	>100MiB	178050443	0	14974	0	5229	177964619	188918710	366883329	0	1457	180592640
nasa-pdf-0021	nasa	pdf	10-50MiB	36404840	0	3081	0	1548	36335964	39683105	76019069	0	257	36720640
nasa-pdf-0022	nasa	pdf	10-50MiB	19174500	0	1615	0	4727	18286193	33327144	51613337	0	1450	22261760
nasa-pdf-0023	nasa	pdf	1-10MiB	7527570	0	490	0	1394	7107509	12382851	19490360	0	361	8859648
nasa-pdf-0024	nasa	pdf	>100MiB	168513117	0	38292	0	89826	168483114	238200260	406683374	0	22379	176824320
nasa-pdf-0025	nasa	pdf	50-100MiB	74202114	0	4155	0	7988	64780807	84506307	149287114	0	2776	74457088
nasa-pdf-0026	nasa	pdf	10-50MiB	22191482	0	4639	0	3500	21751877	32696509	54448386	0	323	23425024
nasa-pdf-0027	nasa	pdf	1-10MiB	8936698	0	8668	0	4987	8398073	24713572	33111645	0	2651	15372288
nasa-pdf-0028	nasa	pdf	100KiB-1MiB	525391	0	182	0	822	499682	4312573	4812255	0	137	962560
nasa-pdf-0029	nasa	pdf	50-100MiB	54750188	0	135647	0	5120	50339921	65693704	116033625	0	1267	56590336
nasa-pdf-0030	nasa	pdf	1-10MiB	9006896	0	2136	0	662	8997287	11835231	20832518	0	177	9383936
nist-pdf-0001	nist	pdf	100KiB-1MiB	544047	0	1404	0	1174	514002	5641854	6155856	0	394	1695744
nist-pdf-0002	nist	pdf	100KiB-1MiB	263703	0	678	0	710	255769	3722067	3977836	0	272	999424
nist-pdf-0003	nist	pdf	100KiB-1MiB	826897	0	1918	0	1067	804687	5509691	6314378	0	570	2232320
nist-pdf-0004	nist	pdf	1-10MiB	1105061	0	1579	0	661	1099654	4298868	5398522	0	373	2273280
nist-pdf-0005	nist	pdf	1-10MiB	1313448	0	2009	0	1108	1292458	6160266	7452724	0	321	2125824
nist-pdf-0006	nist	pdf	10-50MiB	13231497	0	2109	0	976	13202201	16459048	29661249	0	203	13623296
nist-pdf-0007	nist	pdf	100KiB-1MiB	554788	0	1212	0	638	546824	2804442	3351266	0	203	1036288
nist-pdf-0008	nist	pdf	1-10MiB	2486118	0	2372	0	1273	2464857	7848343	10313200	0	460	3534848
nist-pdf-0009	nist	pdf	1-10MiB	3084796	0	2734	0	1286	3065307	8401674	11466981	0	316	3948544
nist-pdf-0010	nist	pdf	1-10MiB	5701173	0	8373	0	5677	5517449	25269226	30786675	0	514	6365184
nist-pdf-0011	nist	pdf	50-100MiB	86574651	0	129188	0	44875	86213297	195127959	281341256	0	3134	88100864
nist-pdf-0012	nist	pdf	1-10MiB	2918306	0	2719	0	23355	2896303	7613847	10510150	0	686	3661824
nist-pdf-0013	nist	pdf	50-100MiB	77578129	0	91064	0	73970	22323963	103722407	126046370	0	10646	84881408
nist-pdf-0014	nist	pdf	1-10MiB	6071591	0	18590	0	11554	5964651	43138497	49103148	0	9465	13459456
nist-pdf-0015	nist	pdf	1-10MiB	9647192	0	13253	0	8283	9427552	37330858	46758410	0	3032	13611008
nist-pdf-0016	nist	pdf	100KiB-1MiB	310627	0	485	0	205	309001	1546342	1855343	0	80	503808
nist-pdf-0017	nist	pdf	1-10MiB	1466246	0	2687	0	9486	1285205	29966647	31251852	0	308	2334720
nist-pdf-0018	nist	pdf	1-10MiB	1518858	0	986	0	527	1510277	4166228	5676505	0	167	1945600
nist-pdf-0019	nist	pdf	1-10MiB	1946127	0	6540	0	745	1928334	5086197	7014531	0	206	2564096
nist-pdf-0020	nist	pdf	1-10MiB	1174643	0	2003	0	947	1162918	5239578	6402496	0	344	2039808
nist-docx-0001	nist	docx	1-10MiB	2286200	0	58	0	163	2286046	3061230	5347276	0	43	2469888
nist-docx-0002	nist	docx	1-10MiB	2241851	0	78	0	133	2241128	2938406	5179534	0	43	2428928
nist-docx-0003	nist	docx	1-10MiB	2267651	0	79	0	157	2267421	3029745	5297166	0	46	2498560
nist-docx-0004	nist	docx	1-10MiB	2258240	0	77	0	151	2258070	2987054	5245124	0	43	2449408
nist-docx-0005	nist	docx	<100KiB	57045	0	12	0	53	57311	344613	401924	0	49	364544
nist-docx-0006	nist	docx	<100KiB	56935	0	14	0	49	57191	344493	401684	0	45	356352
nist-docx-0007	nist	docx	<100KiB	42191	0	9	0	44	42337	321447	363784	0	44	319488
nist-docx-0008	nist	docx	<100KiB	28783	0	7	0	46	28787	303801	332588	0	34	196608
nist-docx-0009	nist	docx	100KiB-1MiB	152516	0	22	0	80	152423	648529	800952	0	96	618496
nist-docx-0010	nist	docx	<100KiB	67602	0	12	0	67	66132	533178	599310	0	36	172032
nist-docx-0011	nist	docx	100KiB-1MiB	162933	0	30	0	105	161759	783033	944792	0	77	679936
nist-docx-0012	nist	docx	100KiB-1MiB	154292	0	30	0	126	152432	870202	1022634	0	62	610304
nist-docx-0013	nist	docx	<100KiB	25400	0	6	0	58	25184	387644	412828	0	34	143360
nist-docx-0014	nist	docx	100KiB-1MiB	948422	0	25	0	124	946657	1882300	2828957	0	125	1822720
nist-docx-0015	nist	docx	1-10MiB	1568485	0	42	0	122	1566733	3702902	5269635	0	40	1769472
nist-epub-0001	nist	epub	100KiB-1MiB	168431	0	25	0	89	168885	765011	933896	0	53	1503232
nist-epub-0002	nist	epub	100KiB-1MiB	116651	0	16	0	78	117105	662935	780040	0	47	1089536
nist-epub-0003	nist	epub	<100KiB	89755	0	14	0	71	90209	544497	634706	0	44	909312
nist-epub-0004	nist	epub	100KiB-1MiB	336417	0	41	0	180	336871	1426907	1763778	0	69	1970176
nist-epub-0005	nist	epub	100KiB-1MiB	274801	0	35	0	95	275255	867285	1142540	0	51	946176
nist-epub-0006	nist	epub	100KiB-1MiB	105867	0	17	0	78	106321	614715	721036	0	37	487424
nist-epub-0007	nist	epub	100KiB-1MiB	145523	0	21	0	76	145977	629509	775486	0	57	1486848
nist-epub-0008	nist	epub	<100KiB	35841	0	7	0	49	36295	365415	401710	1	24	0
nist-epub-0009	nist	epub	1-10MiB	1237255	0	30	0	136	1237709	2018063	3255772	0	52	2461696
nist-epub-0010	nist	epub	100KiB-1MiB	119715	0	17	0	83	120169	649615	769784	0	53	1323008
