fixture	lane	bytes	files
basic.cbor	vole	4713	9
basic.cbor	sqlite	8266	3
basic.cbor	conv	139	3
widths.cbor	vole	4701	9
widths.cbor	sqlite	8265	3
widths.cbor	conv	123	3
floats.cbor	vole	4725	9
floats.cbor	sqlite	8266	3
floats.cbor	conv	122	3
bytestext.cbor	vole	4705	9
bytestext.cbor	sqlite	8265	3
bytestext.cbor	conv	135	3
dupkeys.cbor	vole	4701	9
dupkeys.cbor	sqlite	8265	3
dupkeys.cbor	conv	114	3
tags.cbor	vole	4719	9
tags.cbor	sqlite	8266	3
tags.cbor	conv	132	3
indef.cbor	vole	4715	9
indef.cbor	sqlite	8266	3
indef.cbor	conv	123	3
nested.cbor	vole	4715	9
nested.cbor	sqlite	8266	3
nested.cbor	conv	141	3
mapkeys.cbor	vole	4715	9
mapkeys.cbor	sqlite	8307	3
mapkeys.cbor	conv	142	3
nonfinite.cbor	vole	4709	9
nonfinite.cbor	sqlite	8301	3
nonfinite.cbor	conv	133	3
large.cbor	vole	12700	9
large.cbor	sqlite	12364	3
large.cbor	conv	6109	3
