id	fmt	size_class	src_bytes	cur_enc_bytes	dir_enc_bytes	enc_rc	enc_ms	enc_rss_kb	ing_rc	ing_ms	ing_rss_kb	cur_ms	cur_rss_kb	dir_rc	dir_ms	dir_rss_kb	speedup
nist-pdf-0002	pdf	100KiB-1MiB	263703	255769	264184	0	693	49932	0	960	8256	1653	49932	0	685	7328	2.413
nist-pdf-0004	pdf	1-10MiB	1105061	1099654	1105542	0	1562	25492	0	658	13812	2220	25492	0	657	11200	3.379
nasa-pdf-0007	pdf	1-10MiB	10034634	9824310	10035115	0	1183	102960	0	920	101536	2103	102960	0	818	62032	2.571
nist-docx-0010	docx	<100KiB	67602	66132	68083	0	12	14568	0	68	4212	80	14568	0	66	4112	1.212
nist-docx-0001	docx	1-10MiB	2286200	2286046	2286681	0	53	25060	0	160	23824	213	25060	0	149	16944	1.430
nist-epub-0008	epub	<100KiB	35841	36295	36322	0	8	9012	0	53	3724	61	9012	0	55	3936	1.109
nist-epub-0004	epub	100KiB-1MiB	336417	336871	336898	0	42	65836	0	183	5928	225	65836	0	183	5468	1.230
nasa-epub-0011	epub	1-10MiB	10383142	10383053	10383623	0	220	95732	0	553	86084	773	95732	0	491	64428	1.574
nasa-epub-0006	epub	10-50MiB	10867010	10866279	10867491	0	218	99764	0	553	99808	771	99808	0	513	67292	1.503
