id	fmt	lane	rc	us	n_req
nist-pdf-0002	pdf	resident	0	46729	4
nist-pdf-0002	pdf	indep	0	1818	4
nist-pdf-0002	pdf	indep2	0	1709	4
nist-pdf-0002	pdf	null	0	14270	2
nist-pdf-0004	pdf	resident	0	44013	4
nist-pdf-0004	pdf	indep	0	3868	4
nist-pdf-0004	pdf	indep2	0	3660	4
nist-pdf-0004	pdf	null	0	11771	2
nist-pdf-0016	pdf	resident	0	42380	4
nist-pdf-0016	pdf	indep	0	1862	4
nist-pdf-0016	pdf	indep2	0	1810	4
nist-pdf-0016	pdf	null	0	9913	2
nist-pdf-0017	pdf	resident	0	34504	4
nist-pdf-0017	pdf	indep	0	5000	4
nist-pdf-0017	pdf	indep2	0	4593	4
nist-pdf-0017	pdf	null	0	12526	2
nist-docx-0005	docx	resident	0	46917	8
nist-docx-0005	docx	indep	0	12412	8
nist-docx-0005	docx	indep2	0	11680	8
nist-docx-0005	docx	null	0	4511	2
nist-docx-0008	docx	resident	0	42992	8
nist-docx-0008	docx	indep	0	5140	8
nist-docx-0008	docx	indep2	0	5095	8
nist-docx-0008	docx	null	0	2346	2
nist-docx-0009	docx	resident	0	57410	8
nist-docx-0009	docx	indep	0	73300	8
nist-docx-0009	docx	indep2	0	73232	8
nist-docx-0009	docx	null	0	26347	2
nist-docx-0014	docx	resident	0	67787	8
nist-docx-0014	docx	indep	0	110552	8
nist-docx-0014	docx	indep2	0	111041	8
nist-docx-0014	docx	null	0	41083	2
nist-epub-0003	epub	resident	0	234833	8
nist-epub-0003	epub	indep	0	11109	8
nist-epub-0003	epub	indep2	0	10889	8
nist-epub-0003	epub	null	0	1747	2
nist-epub-0006	epub	resident	0	207473	8
nist-epub-0006	epub	indep	0	7728	8
nist-epub-0006	epub	indep2	0	7550	8
nist-epub-0006	epub	null	0	1855	2
nist-epub-0008	epub	resident	0	111133	8
nist-epub-0008	epub	indep	0	3383	8
nist-epub-0008	epub	indep2	0	3459	8
nist-epub-0008	epub	null	0	1398	2
nist-epub-0009	epub	resident	0	312651	8
nist-epub-0009	epub	indep	0	52597	8
nist-epub-0009	epub	indep2	0	52695	8
nist-epub-0009	epub	null	0	7723	2
