depth	id	fmt	obs	lane	rc	ms
0	nist-pdf-0002	pdf	bytes	vole	0	0
0	nist-pdf-0002	pdf	text	vole	0	1
0	nist-pdf-0002	pdf	metadata	vole	0	1
0	nist-pdf-0002	pdf	revision	vole	0	2
0	nist-pdf-0002	pdf	bytes	a1c	0	1
0	nist-pdf-0002	pdf	text	a1c	0	2
0	nist-pdf-0002	pdf	metadata	a1c	0	1
0	nist-pdf-0002	pdf	revision	a1c	0	1
1	nist-pdf-0002	pdf	bytes	vole	0	0
1	nist-pdf-0002	pdf	text	vole	0	0
1	nist-pdf-0002	pdf	metadata	vole	0	1
1	nist-pdf-0002	pdf	revision	vole	0	2
1	nist-pdf-0002	pdf	bytes	a1c	0	1
1	nist-pdf-0002	pdf	text	a1c	0	2
1	nist-pdf-0002	pdf	metadata	a1c	0	2
1	nist-pdf-0002	pdf	revision	a1c	0	1
2	nist-pdf-0002	pdf	bytes	vole	0	1
2	nist-pdf-0002	pdf	text	vole	0	1
2	nist-pdf-0002	pdf	metadata	vole	0	1
2	nist-pdf-0002	pdf	revision	vole	0	1
2	nist-pdf-0002	pdf	bytes	a1c	0	2
2	nist-pdf-0002	pdf	text	a1c	0	1
2	nist-pdf-0002	pdf	metadata	a1c	0	1
2	nist-pdf-0002	pdf	revision	a1c	0	1
3	nist-pdf-0002	pdf	bytes	vole	0	1
3	nist-pdf-0002	pdf	text	vole	0	1
3	nist-pdf-0002	pdf	metadata	vole	0	1
3	nist-pdf-0002	pdf	revision	vole	0	1
3	nist-pdf-0002	pdf	bytes	a1c	0	2
3	nist-pdf-0002	pdf	text	a1c	0	1
3	nist-pdf-0002	pdf	metadata	a1c	0	2
3	nist-pdf-0002	pdf	revision	a1c	0	1
4	nist-pdf-0002	pdf	bytes	vole	0	1
4	nist-pdf-0002	pdf	text	vole	0	1
4	nist-pdf-0002	pdf	metadata	vole	0	1
4	nist-pdf-0002	pdf	revision	vole	0	1
4	nist-pdf-0002	pdf	bytes	a1c	0	2
4	nist-pdf-0002	pdf	text	a1c	0	1
4	nist-pdf-0002	pdf	metadata	a1c	0	2
4	nist-pdf-0002	pdf	revision	a1c	0	1
5	nist-pdf-0002	pdf	bytes	vole	0	1
5	nist-pdf-0002	pdf	text	vole	0	1
5	nist-pdf-0002	pdf	metadata	vole	0	1
5	nist-pdf-0002	pdf	revision	vole	0	1
5	nist-pdf-0002	pdf	bytes	a1c	0	2
5	nist-pdf-0002	pdf	text	a1c	0	1
5	nist-pdf-0002	pdf	metadata	a1c	0	1
5	nist-pdf-0002	pdf	revision	a1c	0	1
0	nist-pdf-0004	pdf	bytes	vole	0	1
0	nist-pdf-0004	pdf	text	vole	0	1
0	nist-pdf-0004	pdf	metadata	vole	0	2
0	nist-pdf-0004	pdf	revision	vole	0	3
0	nist-pdf-0004	pdf	bytes	a1c	0	2
0	nist-pdf-0004	pdf	text	a1c	0	2
0	nist-pdf-0004	pdf	metadata	a1c	0	2
0	nist-pdf-0004	pdf	revision	a1c	0	1
1	nist-pdf-0004	pdf	bytes	vole	0	1
1	nist-pdf-0004	pdf	text	vole	0	0
1	nist-pdf-0004	pdf	metadata	vole	0	3
1	nist-pdf-0004	pdf	revision	vole	0	3
1	nist-pdf-0004	pdf	bytes	a1c	0	2
1	nist-pdf-0004	pdf	text	a1c	0	2
1	nist-pdf-0004	pdf	metadata	a1c	0	1
1	nist-pdf-0004	pdf	revision	a1c	0	2
2	nist-pdf-0004	pdf	bytes	vole	0	1
2	nist-pdf-0004	pdf	text	vole	0	1
2	nist-pdf-0004	pdf	metadata	vole	0	3
2	nist-pdf-0004	pdf	revision	vole	0	3
2	nist-pdf-0004	pdf	bytes	a1c	0	3
2	nist-pdf-0004	pdf	text	a1c	0	1
2	nist-pdf-0004	pdf	metadata	a1c	0	1
2	nist-pdf-0004	pdf	revision	a1c	0	1
3	nist-pdf-0004	pdf	bytes	vole	0	1
3	nist-pdf-0004	pdf	text	vole	0	1
3	nist-pdf-0004	pdf	metadata	vole	0	3
3	nist-pdf-0004	pdf	revision	vole	0	4
3	nist-pdf-0004	pdf	bytes	a1c	0	2
3	nist-pdf-0004	pdf	text	a1c	0	2
3	nist-pdf-0004	pdf	metadata	a1c	0	1
3	nist-pdf-0004	pdf	revision	a1c	0	1
4	nist-pdf-0004	pdf	bytes	vole	0	1
4	nist-pdf-0004	pdf	text	vole	0	1
4	nist-pdf-0004	pdf	metadata	vole	0	3
4	nist-pdf-0004	pdf	revision	vole	0	3
4	nist-pdf-0004	pdf	bytes	a1c	0	2
4	nist-pdf-0004	pdf	text	a1c	0	2
4	nist-pdf-0004	pdf	metadata	a1c	0	1
4	nist-pdf-0004	pdf	revision	a1c	0	2
5	nist-pdf-0004	pdf	bytes	vole	0	0
5	nist-pdf-0004	pdf	text	vole	0	0
5	nist-pdf-0004	pdf	metadata	vole	0	3
5	nist-pdf-0004	pdf	revision	vole	0	3
5	nist-pdf-0004	pdf	bytes	a1c	0	2
5	nist-pdf-0004	pdf	text	a1c	0	2
5	nist-pdf-0004	pdf	metadata	a1c	0	1
5	nist-pdf-0004	pdf	revision	a1c	0	2
0	nist-pdf-0016	pdf	bytes	vole	0	1
0	nist-pdf-0016	pdf	text	vole	0	1
0	nist-pdf-0016	pdf	metadata	vole	0	2
0	nist-pdf-0016	pdf	revision	vole	0	1
0	nist-pdf-0016	pdf	bytes	a1c	0	2
0	nist-pdf-0016	pdf	text	a1c	0	2
0	nist-pdf-0016	pdf	metadata	a1c	0	1
0	nist-pdf-0016	pdf	revision	a1c	0	2
1	nist-pdf-0016	pdf	bytes	vole	0	1
1	nist-pdf-0016	pdf	text	vole	0	1
1	nist-pdf-0016	pdf	metadata	vole	0	2
1	nist-pdf-0016	pdf	revision	vole	0	1
1	nist-pdf-0016	pdf	bytes	a1c	0	2
1	nist-pdf-0016	pdf	text	a1c	0	2
1	nist-pdf-0016	pdf	metadata	a1c	0	2
1	nist-pdf-0016	pdf	revision	a1c	0	2
2	nist-pdf-0016	pdf	bytes	vole	0	0
2	nist-pdf-0016	pdf	text	vole	0	1
2	nist-pdf-0016	pdf	metadata	vole	0	1
2	nist-pdf-0016	pdf	revision	vole	0	1
2	nist-pdf-0016	pdf	bytes	a1c	0	2
2	nist-pdf-0016	pdf	text	a1c	0	2
2	nist-pdf-0016	pdf	metadata	a1c	0	1
2	nist-pdf-0016	pdf	revision	a1c	0	2
3	nist-pdf-0016	pdf	bytes	vole	0	1
3	nist-pdf-0016	pdf	text	vole	0	1
3	nist-pdf-0016	pdf	metadata	vole	0	2
3	nist-pdf-0016	pdf	revision	vole	0	1
3	nist-pdf-0016	pdf	bytes	a1c	0	2
3	nist-pdf-0016	pdf	text	a1c	0	2
3	nist-pdf-0016	pdf	metadata	a1c	0	1
3	nist-pdf-0016	pdf	revision	a1c	0	2
4	nist-pdf-0016	pdf	bytes	vole	0	0
4	nist-pdf-0016	pdf	text	vole	0	0
4	nist-pdf-0016	pdf	metadata	vole	0	1
4	nist-pdf-0016	pdf	revision	vole	0	2
4	nist-pdf-0016	pdf	bytes	a1c	0	1
4	nist-pdf-0016	pdf	text	a1c	0	1
4	nist-pdf-0016	pdf	metadata	a1c	0	2
4	nist-pdf-0016	pdf	revision	a1c	0	1
5	nist-pdf-0016	pdf	bytes	vole	0	1
5	nist-pdf-0016	pdf	text	vole	0	1
5	nist-pdf-0016	pdf	metadata	vole	0	2
5	nist-pdf-0016	pdf	revision	vole	0	1
5	nist-pdf-0016	pdf	bytes	a1c	0	1
5	nist-pdf-0016	pdf	text	a1c	0	2
5	nist-pdf-0016	pdf	metadata	a1c	0	1
5	nist-pdf-0016	pdf	revision	a1c	0	2
0	nist-pdf-0017	pdf	bytes	vole	0	1
0	nist-pdf-0017	pdf	text	vole	0	0
0	nist-pdf-0017	pdf	metadata	vole	0	3
0	nist-pdf-0017	pdf	revision	vole	0	3
0	nist-pdf-0017	pdf	bytes	a1c	0	2
0	nist-pdf-0017	pdf	text	a1c	0	1
0	nist-pdf-0017	pdf	metadata	a1c	0	1
0	nist-pdf-0017	pdf	revision	a1c	0	2
1	nist-pdf-0017	pdf	bytes	vole	0	1
1	nist-pdf-0017	pdf	text	vole	0	1
1	nist-pdf-0017	pdf	metadata	vole	0	3
1	nist-pdf-0017	pdf	revision	vole	0	3
1	nist-pdf-0017	pdf	bytes	a1c	0	3
1	nist-pdf-0017	pdf	text	a1c	0	1
1	nist-pdf-0017	pdf	metadata	a1c	0	2
1	nist-pdf-0017	pdf	revision	a1c	0	1
2	nist-pdf-0017	pdf	bytes	vole	0	0
2	nist-pdf-0017	pdf	text	vole	0	1
2	nist-pdf-0017	pdf	metadata	vole	0	3
2	nist-pdf-0017	pdf	revision	vole	0	3
2	nist-pdf-0017	pdf	bytes	a1c	0	2
2	nist-pdf-0017	pdf	text	a1c	0	2
2	nist-pdf-0017	pdf	metadata	a1c	0	1
2	nist-pdf-0017	pdf	revision	a1c	0	2
3	nist-pdf-0017	pdf	bytes	vole	0	1
3	nist-pdf-0017	pdf	text	vole	0	1
3	nist-pdf-0017	pdf	metadata	vole	0	3
3	nist-pdf-0017	pdf	revision	vole	0	4
3	nist-pdf-0017	pdf	bytes	a1c	0	3
3	nist-pdf-0017	pdf	text	a1c	0	2
3	nist-pdf-0017	pdf	metadata	a1c	0	1
3	nist-pdf-0017	pdf	revision	a1c	0	2
4	nist-pdf-0017	pdf	bytes	vole	0	1
4	nist-pdf-0017	pdf	text	vole	0	1
4	nist-pdf-0017	pdf	metadata	vole	0	4
4	nist-pdf-0017	pdf	revision	vole	0	4
4	nist-pdf-0017	pdf	bytes	a1c	0	3
4	nist-pdf-0017	pdf	text	a1c	0	1
4	nist-pdf-0017	pdf	metadata	a1c	0	2
4	nist-pdf-0017	pdf	revision	a1c	0	1
5	nist-pdf-0017	pdf	bytes	vole	0	1
5	nist-pdf-0017	pdf	text	vole	0	0
5	nist-pdf-0017	pdf	metadata	vole	0	3
5	nist-pdf-0017	pdf	revision	vole	0	4
5	nist-pdf-0017	pdf	bytes	a1c	0	2
5	nist-pdf-0017	pdf	text	a1c	0	1
5	nist-pdf-0017	pdf	metadata	a1c	0	2
5	nist-pdf-0017	pdf	revision	a1c	0	1
0	nist-docx-0005	docx	bytes	vole	0	1
0	nist-docx-0005	docx	text	vole	0	1
0	nist-docx-0005	docx	doc-text	vole	0	1
0	nist-docx-0005	docx	heading	vole	6	2
0	nist-docx-0005	docx	table	vole	0	1
0	nist-docx-0005	docx	resource	vole	6	2
0	nist-docx-0005	docx	metadata	vole	0	1
0	nist-docx-0005	docx	revision	vole	6	1
0	nist-docx-0005	docx	bytes	a1c	0	2
0	nist-docx-0005	docx	text	a1c	0	2
0	nist-docx-0005	docx	doc-text	a1c	0	1
0	nist-docx-0005	docx	heading	a1c	0	2
0	nist-docx-0005	docx	table	a1c	0	2
0	nist-docx-0005	docx	resource	a1c	0	1
0	nist-docx-0005	docx	metadata	a1c	0	2
0	nist-docx-0005	docx	revision	a1c	0	1
1	nist-docx-0005	docx	bytes	vole	0	1
1	nist-docx-0005	docx	text	vole	0	1
1	nist-docx-0005	docx	doc-text	vole	0	1
1	nist-docx-0005	docx	heading	vole	6	1
1	nist-docx-0005	docx	table	vole	0	1
1	nist-docx-0005	docx	resource	vole	6	1
1	nist-docx-0005	docx	metadata	vole	0	1
1	nist-docx-0005	docx	revision	vole	6	0
1	nist-docx-0005	docx	bytes	a1c	0	1
1	nist-docx-0005	docx	text	a1c	0	2
1	nist-docx-0005	docx	doc-text	a1c	0	1
1	nist-docx-0005	docx	heading	a1c	0	2
1	nist-docx-0005	docx	table	a1c	0	2
1	nist-docx-0005	docx	resource	a1c	0	1
1	nist-docx-0005	docx	metadata	a1c	0	2
1	nist-docx-0005	docx	revision	a1c	0	1
2	nist-docx-0005	docx	bytes	vole	0	0
2	nist-docx-0005	docx	text	vole	0	1
2	nist-docx-0005	docx	doc-text	vole	0	1
2	nist-docx-0005	docx	heading	vole	6	1
2	nist-docx-0005	docx	table	vole	0	1
2	nist-docx-0005	docx	resource	vole	6	1
2	nist-docx-0005	docx	metadata	vole	0	2
2	nist-docx-0005	docx	revision	vole	6	1
2	nist-docx-0005	docx	bytes	a1c	0	1
2	nist-docx-0005	docx	text	a1c	0	2
2	nist-docx-0005	docx	doc-text	a1c	0	1
2	nist-docx-0005	docx	heading	a1c	0	1
2	nist-docx-0005	docx	table	a1c	0	2
2	nist-docx-0005	docx	resource	a1c	0	1
2	nist-docx-0005	docx	metadata	a1c	0	1
2	nist-docx-0005	docx	revision	a1c	0	2
3	nist-docx-0005	docx	bytes	vole	0	1
3	nist-docx-0005	docx	text	vole	0	1
3	nist-docx-0005	docx	doc-text	vole	0	1
3	nist-docx-0005	docx	heading	vole	6	1
3	nist-docx-0005	docx	table	vole	0	1
3	nist-docx-0005	docx	resource	vole	6	1
3	nist-docx-0005	docx	metadata	vole	0	1
3	nist-docx-0005	docx	revision	vole	6	1
3	nist-docx-0005	docx	bytes	a1c	0	1
3	nist-docx-0005	docx	text	a1c	0	1
3	nist-docx-0005	docx	doc-text	a1c	0	2
3	nist-docx-0005	docx	heading	a1c	0	1
3	nist-docx-0005	docx	table	a1c	0	2
3	nist-docx-0005	docx	resource	a1c	0	1
3	nist-docx-0005	docx	metadata	a1c	0	1
3	nist-docx-0005	docx	revision	a1c	0	2
4	nist-docx-0005	docx	bytes	vole	0	1
4	nist-docx-0005	docx	text	vole	0	1
4	nist-docx-0005	docx	doc-text	vole	0	1
4	nist-docx-0005	docx	heading	vole	6	1
4	nist-docx-0005	docx	table	vole	0	1
4	nist-docx-0005	docx	resource	vole	6	1
4	nist-docx-0005	docx	metadata	vole	0	1
4	nist-docx-0005	docx	revision	vole	6	1
4	nist-docx-0005	docx	bytes	a1c	0	1
4	nist-docx-0005	docx	text	a1c	0	2
4	nist-docx-0005	docx	doc-text	a1c	0	1
4	nist-docx-0005	docx	heading	a1c	0	2
4	nist-docx-0005	docx	table	a1c	0	2
4	nist-docx-0005	docx	resource	a1c	0	1
4	nist-docx-0005	docx	metadata	a1c	0	2
4	nist-docx-0005	docx	revision	a1c	0	2
5	nist-docx-0005	docx	bytes	vole	0	1
5	nist-docx-0005	docx	text	vole	0	1
5	nist-docx-0005	docx	doc-text	vole	0	2
5	nist-docx-0005	docx	heading	vole	6	1
5	nist-docx-0005	docx	table	vole	0	1
5	nist-docx-0005	docx	resource	vole	6	1
5	nist-docx-0005	docx	metadata	vole	0	1
5	nist-docx-0005	docx	revision	vole	6	1
5	nist-docx-0005	docx	bytes	a1c	0	2
5	nist-docx-0005	docx	text	a1c	0	2
5	nist-docx-0005	docx	doc-text	a1c	0	1
5	nist-docx-0005	docx	heading	a1c	0	2
5	nist-docx-0005	docx	table	a1c	0	1
5	nist-docx-0005	docx	resource	a1c	0	1
5	nist-docx-0005	docx	metadata	a1c	0	2
5	nist-docx-0005	docx	revision	a1c	0	1
0	nist-docx-0008	docx	bytes	vole	0	0
0	nist-docx-0008	docx	text	vole	0	1
0	nist-docx-0008	docx	doc-text	vole	0	1
0	nist-docx-0008	docx	heading	vole	6	1
0	nist-docx-0008	docx	table	vole	0	1
0	nist-docx-0008	docx	resource	vole	6	1
0	nist-docx-0008	docx	metadata	vole	0	1
0	nist-docx-0008	docx	revision	vole	6	1
0	nist-docx-0008	docx	bytes	a1c	0	2
0	nist-docx-0008	docx	text	a1c	0	1
0	nist-docx-0008	docx	doc-text	a1c	0	2
0	nist-docx-0008	docx	heading	a1c	0	1
0	nist-docx-0008	docx	table	a1c	0	1
0	nist-docx-0008	docx	resource	a1c	0	2
0	nist-docx-0008	docx	metadata	a1c	0	1
0	nist-docx-0008	docx	revision	a1c	0	2
1	nist-docx-0008	docx	bytes	vole	0	1
1	nist-docx-0008	docx	text	vole	0	1
1	nist-docx-0008	docx	doc-text	vole	0	1
1	nist-docx-0008	docx	heading	vole	6	1
1	nist-docx-0008	docx	table	vole	0	1
1	nist-docx-0008	docx	resource	vole	6	1
1	nist-docx-0008	docx	metadata	vole	0	1
1	nist-docx-0008	docx	revision	vole	6	0
1	nist-docx-0008	docx	bytes	a1c	0	1
1	nist-docx-0008	docx	text	a1c	0	2
1	nist-docx-0008	docx	doc-text	a1c	0	1
1	nist-docx-0008	docx	heading	a1c	0	2
1	nist-docx-0008	docx	table	a1c	0	1
1	nist-docx-0008	docx	resource	a1c	0	2
1	nist-docx-0008	docx	metadata	a1c	0	1
1	nist-docx-0008	docx	revision	a1c	0	1
2	nist-docx-0008	docx	bytes	vole	0	1
2	nist-docx-0008	docx	text	vole	0	1
2	nist-docx-0008	docx	doc-text	vole	0	1
2	nist-docx-0008	docx	heading	vole	6	1
2	nist-docx-0008	docx	table	vole	0	1
2	nist-docx-0008	docx	resource	vole	6	1
2	nist-docx-0008	docx	metadata	vole	0	1
2	nist-docx-0008	docx	revision	vole	6	1
2	nist-docx-0008	docx	bytes	a1c	0	2
2	nist-docx-0008	docx	text	a1c	0	1
2	nist-docx-0008	docx	doc-text	a1c	0	2
2	nist-docx-0008	docx	heading	a1c	0	2
2	nist-docx-0008	docx	table	a1c	0	1
2	nist-docx-0008	docx	resource	a1c	0	2
2	nist-docx-0008	docx	metadata	a1c	0	1
2	nist-docx-0008	docx	revision	a1c	0	1
3	nist-docx-0008	docx	bytes	vole	0	1
3	nist-docx-0008	docx	text	vole	0	1
3	nist-docx-0008	docx	doc-text	vole	0	1
3	nist-docx-0008	docx	heading	vole	6	1
3	nist-docx-0008	docx	table	vole	0	1
3	nist-docx-0008	docx	resource	vole	6	1
3	nist-docx-0008	docx	metadata	vole	0	1
3	nist-docx-0008	docx	revision	vole	6	0
3	nist-docx-0008	docx	bytes	a1c	0	1
3	nist-docx-0008	docx	text	a1c	0	2
3	nist-docx-0008	docx	doc-text	a1c	0	2
3	nist-docx-0008	docx	heading	a1c	0	1
3	nist-docx-0008	docx	table	a1c	0	2
3	nist-docx-0008	docx	resource	a1c	0	1
3	nist-docx-0008	docx	metadata	a1c	0	1
3	nist-docx-0008	docx	revision	a1c	0	2
4	nist-docx-0008	docx	bytes	vole	0	1
4	nist-docx-0008	docx	text	vole	0	1
4	nist-docx-0008	docx	doc-text	vole	0	1
4	nist-docx-0008	docx	heading	vole	6	1
4	nist-docx-0008	docx	table	vole	0	0
4	nist-docx-0008	docx	resource	vole	6	1
4	nist-docx-0008	docx	metadata	vole	0	1
4	nist-docx-0008	docx	revision	vole	6	1
4	nist-docx-0008	docx	bytes	a1c	0	2
4	nist-docx-0008	docx	text	a1c	0	1
4	nist-docx-0008	docx	doc-text	a1c	0	1
4	nist-docx-0008	docx	heading	a1c	0	2
4	nist-docx-0008	docx	table	a1c	0	1
4	nist-docx-0008	docx	resource	a1c	0	2
4	nist-docx-0008	docx	metadata	a1c	0	1
4	nist-docx-0008	docx	revision	a1c	0	1
5	nist-docx-0008	docx	bytes	vole	0	1
5	nist-docx-0008	docx	text	vole	0	1
5	nist-docx-0008	docx	doc-text	vole	0	1
5	nist-docx-0008	docx	heading	vole	6	1
5	nist-docx-0008	docx	table	vole	0	1
5	nist-docx-0008	docx	resource	vole	6	1
5	nist-docx-0008	docx	metadata	vole	0	1
5	nist-docx-0008	docx	revision	vole	6	0
5	nist-docx-0008	docx	bytes	a1c	0	1
5	nist-docx-0008	docx	text	a1c	0	2
5	nist-docx-0008	docx	doc-text	a1c	0	1
5	nist-docx-0008	docx	heading	a1c	0	2
5	nist-docx-0008	docx	table	a1c	0	2
5	nist-docx-0008	docx	resource	a1c	0	1
5	nist-docx-0008	docx	metadata	a1c	0	2
5	nist-docx-0008	docx	revision	a1c	0	2
0	nist-docx-0009	docx	bytes	vole	0	1
0	nist-docx-0009	docx	text	vole	0	2
0	nist-docx-0009	docx	doc-text	vole	0	2
0	nist-docx-0009	docx	heading	vole	6	1
0	nist-docx-0009	docx	table	vole	0	1
0	nist-docx-0009	docx	resource	vole	6	1
0	nist-docx-0009	docx	metadata	vole	0	2
0	nist-docx-0009	docx	revision	vole	6	1
0	nist-docx-0009	docx	bytes	a1c	0	2
0	nist-docx-0009	docx	text	a1c	0	2
0	nist-docx-0009	docx	doc-text	a1c	0	2
0	nist-docx-0009	docx	heading	a1c	0	1
0	nist-docx-0009	docx	table	a1c	0	2
0	nist-docx-0009	docx	resource	a1c	0	2
0	nist-docx-0009	docx	metadata	a1c	0	1
0	nist-docx-0009	docx	revision	a1c	0	2
1	nist-docx-0009	docx	bytes	vole	0	1
1	nist-docx-0009	docx	text	vole	0	1
1	nist-docx-0009	docx	doc-text	vole	0	1
1	nist-docx-0009	docx	heading	vole	6	1
1	nist-docx-0009	docx	table	vole	0	2
1	nist-docx-0009	docx	resource	vole	6	1
1	nist-docx-0009	docx	metadata	vole	0	1
1	nist-docx-0009	docx	revision	vole	6	1
1	nist-docx-0009	docx	bytes	a1c	0	1
1	nist-docx-0009	docx	text	a1c	0	2
1	nist-docx-0009	docx	doc-text	a1c	0	1
1	nist-docx-0009	docx	heading	a1c	0	1
1	nist-docx-0009	docx	table	a1c	0	2
1	nist-docx-0009	docx	resource	a1c	0	1
1	nist-docx-0009	docx	metadata	a1c	0	2
1	nist-docx-0009	docx	revision	a1c	0	1
2	nist-docx-0009	docx	bytes	vole	0	0
2	nist-docx-0009	docx	text	vole	0	1
2	nist-docx-0009	docx	doc-text	vole	0	1
2	nist-docx-0009	docx	heading	vole	6	2
2	nist-docx-0009	docx	table	vole	0	2
2	nist-docx-0009	docx	resource	vole	6	1
2	nist-docx-0009	docx	metadata	vole	0	1
2	nist-docx-0009	docx	revision	vole	6	1
2	nist-docx-0009	docx	bytes	a1c	0	1
2	nist-docx-0009	docx	text	a1c	0	2
2	nist-docx-0009	docx	doc-text	a1c	0	2
2	nist-docx-0009	docx	heading	a1c	0	1
2	nist-docx-0009	docx	table	a1c	0	2
2	nist-docx-0009	docx	resource	a1c	0	1
2	nist-docx-0009	docx	metadata	a1c	0	1
2	nist-docx-0009	docx	revision	a1c	0	2
3	nist-docx-0009	docx	bytes	vole	0	0
3	nist-docx-0009	docx	text	vole	0	1
3	nist-docx-0009	docx	doc-text	vole	0	2
3	nist-docx-0009	docx	heading	vole	6	2
3	nist-docx-0009	docx	table	vole	0	2
3	nist-docx-0009	docx	resource	vole	6	1
3	nist-docx-0009	docx	metadata	vole	0	1
3	nist-docx-0009	docx	revision	vole	6	1
3	nist-docx-0009	docx	bytes	a1c	0	1
3	nist-docx-0009	docx	text	a1c	0	1
3	nist-docx-0009	docx	doc-text	a1c	0	2
3	nist-docx-0009	docx	heading	a1c	0	1
3	nist-docx-0009	docx	table	a1c	0	1
3	nist-docx-0009	docx	resource	a1c	0	2
3	nist-docx-0009	docx	metadata	a1c	0	1
3	nist-docx-0009	docx	revision	a1c	0	2
4	nist-docx-0009	docx	bytes	vole	0	1
4	nist-docx-0009	docx	text	vole	0	1
4	nist-docx-0009	docx	doc-text	vole	0	1
4	nist-docx-0009	docx	heading	vole	6	1
4	nist-docx-0009	docx	table	vole	0	2
4	nist-docx-0009	docx	resource	vole	6	2
4	nist-docx-0009	docx	metadata	vole	0	1
4	nist-docx-0009	docx	revision	vole	6	1
4	nist-docx-0009	docx	bytes	a1c	0	1
4	nist-docx-0009	docx	text	a1c	0	1
4	nist-docx-0009	docx	doc-text	a1c	0	2
4	nist-docx-0009	docx	heading	a1c	0	1
4	nist-docx-0009	docx	table	a1c	0	2
4	nist-docx-0009	docx	resource	a1c	0	1
4	nist-docx-0009	docx	metadata	a1c	0	1
4	nist-docx-0009	docx	revision	a1c	0	2
5	nist-docx-0009	docx	bytes	vole	0	1
5	nist-docx-0009	docx	text	vole	0	1
5	nist-docx-0009	docx	doc-text	vole	0	1
5	nist-docx-0009	docx	heading	vole	6	1
5	nist-docx-0009	docx	table	vole	0	2
5	nist-docx-0009	docx	resource	vole	6	1
5	nist-docx-0009	docx	metadata	vole	0	1
5	nist-docx-0009	docx	revision	vole	6	1
5	nist-docx-0009	docx	bytes	a1c	0	1
5	nist-docx-0009	docx	text	a1c	0	2
5	nist-docx-0009	docx	doc-text	a1c	0	2
5	nist-docx-0009	docx	heading	a1c	0	1
5	nist-docx-0009	docx	table	a1c	0	2
5	nist-docx-0009	docx	resource	a1c	0	1
5	nist-docx-0009	docx	metadata	a1c	0	2
5	nist-docx-0009	docx	revision	a1c	0	1
0	nist-docx-0014	docx	bytes	vole	0	1
0	nist-docx-0014	docx	text	vole	0	3
0	nist-docx-0014	docx	doc-text	vole	0	4
0	nist-docx-0014	docx	heading	vole	0	3
0	nist-docx-0014	docx	table	vole	0	4
0	nist-docx-0014	docx	resource	vole	0	3
0	nist-docx-0014	docx	metadata	vole	0	3
0	nist-docx-0014	docx	revision	vole	6	3
0	nist-docx-0014	docx	bytes	a1c	0	2
0	nist-docx-0014	docx	text	a1c	0	1
0	nist-docx-0014	docx	doc-text	a1c	0	1
0	nist-docx-0014	docx	heading	a1c	0	1
0	nist-docx-0014	docx	table	a1c	0	2
0	nist-docx-0014	docx	resource	a1c	0	2
0	nist-docx-0014	docx	metadata	a1c	0	1
0	nist-docx-0014	docx	revision	a1c	0	1
1	nist-docx-0014	docx	bytes	vole	0	1
1	nist-docx-0014	docx	text	vole	0	3
1	nist-docx-0014	docx	doc-text	vole	0	4
1	nist-docx-0014	docx	heading	vole	0	3
1	nist-docx-0014	docx	table	vole	0	3
1	nist-docx-0014	docx	resource	vole	0	4
1	nist-docx-0014	docx	metadata	vole	0	3
1	nist-docx-0014	docx	revision	vole	6	3
1	nist-docx-0014	docx	bytes	a1c	0	2
1	nist-docx-0014	docx	text	a1c	0	1
1	nist-docx-0014	docx	doc-text	a1c	0	1
1	nist-docx-0014	docx	heading	a1c	0	1
1	nist-docx-0014	docx	table	a1c	0	2
1	nist-docx-0014	docx	resource	a1c	0	2
1	nist-docx-0014	docx	metadata	a1c	0	1
1	nist-docx-0014	docx	revision	a1c	0	2
2	nist-docx-0014	docx	bytes	vole	0	1
2	nist-docx-0014	docx	text	vole	0	3
2	nist-docx-0014	docx	doc-text	vole	0	3
2	nist-docx-0014	docx	heading	vole	0	4
2	nist-docx-0014	docx	table	vole	0	3
2	nist-docx-0014	docx	resource	vole	0	4
2	nist-docx-0014	docx	metadata	vole	0	3
2	nist-docx-0014	docx	revision	vole	6	3
2	nist-docx-0014	docx	bytes	a1c	0	2
2	nist-docx-0014	docx	text	a1c	0	2
2	nist-docx-0014	docx	doc-text	a1c	0	2
2	nist-docx-0014	docx	heading	a1c	0	2
2	nist-docx-0014	docx	table	a1c	0	1
2	nist-docx-0014	docx	resource	a1c	0	2
2	nist-docx-0014	docx	metadata	a1c	0	1
2	nist-docx-0014	docx	revision	a1c	0	1
3	nist-docx-0014	docx	bytes	vole	0	0
3	nist-docx-0014	docx	text	vole	0	3
3	nist-docx-0014	docx	doc-text	vole	0	4
3	nist-docx-0014	docx	heading	vole	0	3
3	nist-docx-0014	docx	table	vole	0	3
3	nist-docx-0014	docx	resource	vole	0	3
3	nist-docx-0014	docx	metadata	vole	0	3
3	nist-docx-0014	docx	revision	vole	6	3
3	nist-docx-0014	docx	bytes	a1c	0	2
3	nist-docx-0014	docx	text	a1c	0	1
3	nist-docx-0014	docx	doc-text	a1c	0	1
3	nist-docx-0014	docx	heading	a1c	0	2
3	nist-docx-0014	docx	table	a1c	0	2
3	nist-docx-0014	docx	resource	a1c	0	1
3	nist-docx-0014	docx	metadata	a1c	0	2
3	nist-docx-0014	docx	revision	a1c	0	2
4	nist-docx-0014	docx	bytes	vole	0	1
4	nist-docx-0014	docx	text	vole	0	3
4	nist-docx-0014	docx	doc-text	vole	0	3
4	nist-docx-0014	docx	heading	vole	0	3
4	nist-docx-0014	docx	table	vole	0	3
4	nist-docx-0014	docx	resource	vole	0	4
4	nist-docx-0014	docx	metadata	vole	0	3
4	nist-docx-0014	docx	revision	vole	6	3
4	nist-docx-0014	docx	bytes	a1c	0	2
4	nist-docx-0014	docx	text	a1c	0	2
4	nist-docx-0014	docx	doc-text	a1c	0	2
4	nist-docx-0014	docx	heading	a1c	0	1
4	nist-docx-0014	docx	table	a1c	0	2
4	nist-docx-0014	docx	resource	a1c	0	1
4	nist-docx-0014	docx	metadata	a1c	0	1
4	nist-docx-0014	docx	revision	a1c	0	2
5	nist-docx-0014	docx	bytes	vole	0	0
5	nist-docx-0014	docx	text	vole	0	3
5	nist-docx-0014	docx	doc-text	vole	0	4
5	nist-docx-0014	docx	heading	vole	0	3
5	nist-docx-0014	docx	table	vole	0	4
5	nist-docx-0014	docx	resource	vole	0	3
5	nist-docx-0014	docx	metadata	vole	0	3
5	nist-docx-0014	docx	revision	vole	6	2
5	nist-docx-0014	docx	bytes	a1c	0	2
5	nist-docx-0014	docx	text	a1c	0	1
5	nist-docx-0014	docx	doc-text	a1c	0	2
5	nist-docx-0014	docx	heading	a1c	0	2
5	nist-docx-0014	docx	table	a1c	0	2
5	nist-docx-0014	docx	resource	a1c	0	1
5	nist-docx-0014	docx	metadata	a1c	0	1
5	nist-docx-0014	docx	revision	a1c	0	2
0	nist-epub-0003	epub	bytes	vole	0	1
0	nist-epub-0003	epub	text	vole	0	1
0	nist-epub-0003	epub	doc-text	vole	0	2
0	nist-epub-0003	epub	heading	vole	0	2
0	nist-epub-0003	epub	table	vole	0	2
0	nist-epub-0003	epub	resource	vole	0	1
0	nist-epub-0003	epub	metadata	vole	0	1
0	nist-epub-0003	epub	revision	vole	6	1
0	nist-epub-0003	epub	bytes	a1c	0	2
0	nist-epub-0003	epub	text	a1c	0	2
0	nist-epub-0003	epub	doc-text	a1c	0	1
0	nist-epub-0003	epub	heading	a1c	0	2
0	nist-epub-0003	epub	table	a1c	0	2
0	nist-epub-0003	epub	resource	a1c	0	1
0	nist-epub-0003	epub	metadata	a1c	0	2
0	nist-epub-0003	epub	revision	a1c	0	1
1	nist-epub-0003	epub	bytes	vole	0	1
1	nist-epub-0003	epub	text	vole	0	1
1	nist-epub-0003	epub	doc-text	vole	0	2
1	nist-epub-0003	epub	heading	vole	0	1
1	nist-epub-0003	epub	table	vole	0	1
1	nist-epub-0003	epub	resource	vole	0	1
1	nist-epub-0003	epub	metadata	vole	0	1
1	nist-epub-0003	epub	revision	vole	6	1
1	nist-epub-0003	epub	bytes	a1c	0	2
1	nist-epub-0003	epub	text	a1c	0	1
1	nist-epub-0003	epub	doc-text	a1c	0	1
1	nist-epub-0003	epub	heading	a1c	0	2
1	nist-epub-0003	epub	table	a1c	0	2
1	nist-epub-0003	epub	resource	a1c	0	1
1	nist-epub-0003	epub	metadata	a1c	0	2
1	nist-epub-0003	epub	revision	a1c	0	1
2	nist-epub-0003	epub	bytes	vole	0	1
2	nist-epub-0003	epub	text	vole	0	1
2	nist-epub-0003	epub	doc-text	vole	0	2
2	nist-epub-0003	epub	heading	vole	0	1
2	nist-epub-0003	epub	table	vole	0	2
2	nist-epub-0003	epub	resource	vole	0	1
2	nist-epub-0003	epub	metadata	vole	0	1
2	nist-epub-0003	epub	revision	vole	6	0
2	nist-epub-0003	epub	bytes	a1c	0	1
2	nist-epub-0003	epub	text	a1c	0	2
2	nist-epub-0003	epub	doc-text	a1c	0	2
2	nist-epub-0003	epub	heading	a1c	0	1
2	nist-epub-0003	epub	table	a1c	0	1
2	nist-epub-0003	epub	resource	a1c	0	1
2	nist-epub-0003	epub	metadata	a1c	0	2
2	nist-epub-0003	epub	revision	a1c	0	1
3	nist-epub-0003	epub	bytes	vole	0	0
3	nist-epub-0003	epub	text	vole	0	1
3	nist-epub-0003	epub	doc-text	vole	0	2
3	nist-epub-0003	epub	heading	vole	0	1
3	nist-epub-0003	epub	table	vole	0	2
3	nist-epub-0003	epub	resource	vole	0	1
3	nist-epub-0003	epub	metadata	vole	0	1
3	nist-epub-0003	epub	revision	vole	6	1
3	nist-epub-0003	epub	bytes	a1c	0	1
3	nist-epub-0003	epub	text	a1c	0	2
3	nist-epub-0003	epub	doc-text	a1c	0	2
3	nist-epub-0003	epub	heading	a1c	0	1
3	nist-epub-0003	epub	table	a1c	0	2
3	nist-epub-0003	epub	resource	a1c	0	2
3	nist-epub-0003	epub	metadata	a1c	0	2
3	nist-epub-0003	epub	revision	a1c	0	1
4	nist-epub-0003	epub	bytes	vole	0	0
4	nist-epub-0003	epub	text	vole	0	1
4	nist-epub-0003	epub	doc-text	vole	0	2
4	nist-epub-0003	epub	heading	vole	0	2
4	nist-epub-0003	epub	table	vole	0	2
4	nist-epub-0003	epub	resource	vole	0	1
4	nist-epub-0003	epub	metadata	vole	0	1
4	nist-epub-0003	epub	revision	vole	6	1
4	nist-epub-0003	epub	bytes	a1c	0	2
4	nist-epub-0003	epub	text	a1c	0	2
4	nist-epub-0003	epub	doc-text	a1c	0	1
4	nist-epub-0003	epub	heading	a1c	0	1
4	nist-epub-0003	epub	table	a1c	0	2
4	nist-epub-0003	epub	resource	a1c	0	2
4	nist-epub-0003	epub	metadata	a1c	0	1
4	nist-epub-0003	epub	revision	a1c	0	2
5	nist-epub-0003	epub	bytes	vole	0	1
5	nist-epub-0003	epub	text	vole	0	1
5	nist-epub-0003	epub	doc-text	vole	0	2
5	nist-epub-0003	epub	heading	vole	0	1
5	nist-epub-0003	epub	table	vole	0	2
5	nist-epub-0003	epub	resource	vole	0	1
5	nist-epub-0003	epub	metadata	vole	0	1
5	nist-epub-0003	epub	revision	vole	6	1
5	nist-epub-0003	epub	bytes	a1c	0	1
5	nist-epub-0003	epub	text	a1c	0	1
5	nist-epub-0003	epub	doc-text	a1c	0	2
5	nist-epub-0003	epub	heading	a1c	0	2
5	nist-epub-0003	epub	table	a1c	0	1
5	nist-epub-0003	epub	resource	a1c	0	1
5	nist-epub-0003	epub	metadata	a1c	0	2
5	nist-epub-0003	epub	revision	a1c	0	1
0	nist-epub-0006	epub	bytes	vole	0	1
0	nist-epub-0006	epub	text	vole	0	1
0	nist-epub-0006	epub	doc-text	vole	0	1
0	nist-epub-0006	epub	heading	vole	0	1
0	nist-epub-0006	epub	table	vole	0	2
0	nist-epub-0006	epub	resource	vole	0	1
0	nist-epub-0006	epub	metadata	vole	0	1
0	nist-epub-0006	epub	revision	vole	6	0
0	nist-epub-0006	epub	bytes	a1c	0	1
0	nist-epub-0006	epub	text	a1c	0	2
0	nist-epub-0006	epub	doc-text	a1c	0	1
0	nist-epub-0006	epub	heading	a1c	0	1
0	nist-epub-0006	epub	table	a1c	0	2
0	nist-epub-0006	epub	resource	a1c	0	1
0	nist-epub-0006	epub	metadata	a1c	0	2
0	nist-epub-0006	epub	revision	a1c	0	1
1	nist-epub-0006	epub	bytes	vole	0	1
1	nist-epub-0006	epub	text	vole	0	1
1	nist-epub-0006	epub	doc-text	vole	0	1
1	nist-epub-0006	epub	heading	vole	0	1
1	nist-epub-0006	epub	table	vole	0	1
1	nist-epub-0006	epub	resource	vole	0	1
1	nist-epub-0006	epub	metadata	vole	0	1
1	nist-epub-0006	epub	revision	vole	6	1
1	nist-epub-0006	epub	bytes	a1c	0	1
1	nist-epub-0006	epub	text	a1c	0	2
1	nist-epub-0006	epub	doc-text	a1c	0	1
1	nist-epub-0006	epub	heading	a1c	0	2
1	nist-epub-0006	epub	table	a1c	0	1
1	nist-epub-0006	epub	resource	a1c	0	1
1	nist-epub-0006	epub	metadata	a1c	0	2
1	nist-epub-0006	epub	revision	a1c	0	1
2	nist-epub-0006	epub	bytes	vole	0	0
2	nist-epub-0006	epub	text	vole	0	1
2	nist-epub-0006	epub	doc-text	vole	0	2
2	nist-epub-0006	epub	heading	vole	0	1
2	nist-epub-0006	epub	table	vole	0	1
2	nist-epub-0006	epub	resource	vole	0	1
2	nist-epub-0006	epub	metadata	vole	0	1
2	nist-epub-0006	epub	revision	vole	6	1
2	nist-epub-0006	epub	bytes	a1c	0	2
2	nist-epub-0006	epub	text	a1c	0	1
2	nist-epub-0006	epub	doc-text	a1c	0	1
2	nist-epub-0006	epub	heading	a1c	0	2
2	nist-epub-0006	epub	table	a1c	0	1
2	nist-epub-0006	epub	resource	a1c	0	2
2	nist-epub-0006	epub	metadata	a1c	0	1
2	nist-epub-0006	epub	revision	a1c	0	1
3	nist-epub-0006	epub	bytes	vole	0	0
3	nist-epub-0006	epub	text	vole	0	1
3	nist-epub-0006	epub	doc-text	vole	0	2
3	nist-epub-0006	epub	heading	vole	0	1
3	nist-epub-0006	epub	table	vole	0	1
3	nist-epub-0006	epub	resource	vole	0	1
3	nist-epub-0006	epub	metadata	vole	0	1
3	nist-epub-0006	epub	revision	vole	6	1
3	nist-epub-0006	epub	bytes	a1c	0	1
3	nist-epub-0006	epub	text	a1c	0	1
3	nist-epub-0006	epub	doc-text	a1c	0	2
3	nist-epub-0006	epub	heading	a1c	0	1
3	nist-epub-0006	epub	table	a1c	0	2
3	nist-epub-0006	epub	resource	a1c	0	1
3	nist-epub-0006	epub	metadata	a1c	0	1
3	nist-epub-0006	epub	revision	a1c	0	2
4	nist-epub-0006	epub	bytes	vole	0	1
4	nist-epub-0006	epub	text	vole	0	2
4	nist-epub-0006	epub	doc-text	vole	0	1
4	nist-epub-0006	epub	heading	vole	0	1
4	nist-epub-0006	epub	table	vole	0	2
4	nist-epub-0006	epub	resource	vole	0	1
4	nist-epub-0006	epub	metadata	vole	0	1
4	nist-epub-0006	epub	revision	vole	6	1
4	nist-epub-0006	epub	bytes	a1c	0	1
4	nist-epub-0006	epub	text	a1c	0	2
4	nist-epub-0006	epub	doc-text	a1c	0	2
4	nist-epub-0006	epub	heading	a1c	0	1
4	nist-epub-0006	epub	table	a1c	0	2
4	nist-epub-0006	epub	resource	a1c	0	1
4	nist-epub-0006	epub	metadata	a1c	0	1
4	nist-epub-0006	epub	revision	a1c	0	2
5	nist-epub-0006	epub	bytes	vole	0	1
5	nist-epub-0006	epub	text	vole	0	1
5	nist-epub-0006	epub	doc-text	vole	0	2
5	nist-epub-0006	epub	heading	vole	0	2
5	nist-epub-0006	epub	table	vole	0	1
5	nist-epub-0006	epub	resource	vole	0	1
5	nist-epub-0006	epub	metadata	vole	0	1
5	nist-epub-0006	epub	revision	vole	6	1
5	nist-epub-0006	epub	bytes	a1c	0	1
5	nist-epub-0006	epub	text	a1c	0	1
5	nist-epub-0006	epub	doc-text	a1c	0	2
5	nist-epub-0006	epub	heading	a1c	0	1
5	nist-epub-0006	epub	table	a1c	0	1
5	nist-epub-0006	epub	resource	a1c	0	1
5	nist-epub-0006	epub	metadata	a1c	0	2
5	nist-epub-0006	epub	revision	a1c	0	1
0	nist-epub-0008	epub	bytes	vole	0	1
0	nist-epub-0008	epub	text	vole	0	1
0	nist-epub-0008	epub	doc-text	vole	0	1
0	nist-epub-0008	epub	heading	vole	0	1
0	nist-epub-0008	epub	table	vole	0	1
0	nist-epub-0008	epub	resource	vole	0	1
0	nist-epub-0008	epub	metadata	vole	0	1
0	nist-epub-0008	epub	revision	vole	6	1
0	nist-epub-0008	epub	bytes	a1c	0	2
0	nist-epub-0008	epub	text	a1c	0	1
0	nist-epub-0008	epub	doc-text	a1c	0	2
0	nist-epub-0008	epub	heading	a1c	0	1
0	nist-epub-0008	epub	table	a1c	0	1
0	nist-epub-0008	epub	resource	a1c	0	2
0	nist-epub-0008	epub	metadata	a1c	0	1
0	nist-epub-0008	epub	revision	a1c	0	2
1	nist-epub-0008	epub	bytes	vole	0	1
1	nist-epub-0008	epub	text	vole	0	0
1	nist-epub-0008	epub	doc-text	vole	0	1
1	nist-epub-0008	epub	heading	vole	0	1
1	nist-epub-0008	epub	table	vole	0	1
1	nist-epub-0008	epub	resource	vole	0	1
1	nist-epub-0008	epub	metadata	vole	0	1
1	nist-epub-0008	epub	revision	vole	6	1
1	nist-epub-0008	epub	bytes	a1c	0	1
1	nist-epub-0008	epub	text	a1c	0	2
1	nist-epub-0008	epub	doc-text	a1c	0	1
1	nist-epub-0008	epub	heading	a1c	0	2
1	nist-epub-0008	epub	table	a1c	0	2
1	nist-epub-0008	epub	resource	a1c	0	1
1	nist-epub-0008	epub	metadata	a1c	0	2
1	nist-epub-0008	epub	revision	a1c	0	1
2	nist-epub-0008	epub	bytes	vole	0	1
2	nist-epub-0008	epub	text	vole	0	1
2	nist-epub-0008	epub	doc-text	vole	0	1
2	nist-epub-0008	epub	heading	vole	0	1
2	nist-epub-0008	epub	table	vole	0	1
2	nist-epub-0008	epub	resource	vole	0	1
2	nist-epub-0008	epub	metadata	vole	0	0
2	nist-epub-0008	epub	revision	vole	6	1
2	nist-epub-0008	epub	bytes	a1c	0	1
2	nist-epub-0008	epub	text	a1c	0	2
2	nist-epub-0008	epub	doc-text	a1c	0	1
2	nist-epub-0008	epub	heading	a1c	0	1
2	nist-epub-0008	epub	table	a1c	0	2
2	nist-epub-0008	epub	resource	a1c	0	2
2	nist-epub-0008	epub	metadata	a1c	0	1
2	nist-epub-0008	epub	revision	a1c	0	1
3	nist-epub-0008	epub	bytes	vole	0	0
3	nist-epub-0008	epub	text	vole	0	0
3	nist-epub-0008	epub	doc-text	vole	0	1
3	nist-epub-0008	epub	heading	vole	0	1
3	nist-epub-0008	epub	table	vole	0	1
3	nist-epub-0008	epub	resource	vole	0	1
3	nist-epub-0008	epub	metadata	vole	0	1
3	nist-epub-0008	epub	revision	vole	6	1
3	nist-epub-0008	epub	bytes	a1c	0	2
3	nist-epub-0008	epub	text	a1c	0	1
3	nist-epub-0008	epub	doc-text	a1c	0	2
3	nist-epub-0008	epub	heading	a1c	0	2
3	nist-epub-0008	epub	table	a1c	0	1
3	nist-epub-0008	epub	resource	a1c	0	1
3	nist-epub-0008	epub	metadata	a1c	0	2
3	nist-epub-0008	epub	revision	a1c	0	1
4	nist-epub-0008	epub	bytes	vole	0	1
4	nist-epub-0008	epub	text	vole	0	1
4	nist-epub-0008	epub	doc-text	vole	0	1
4	nist-epub-0008	epub	heading	vole	0	1
4	nist-epub-0008	epub	table	vole	0	1
4	nist-epub-0008	epub	resource	vole	0	1
4	nist-epub-0008	epub	metadata	vole	0	0
4	nist-epub-0008	epub	revision	vole	6	1
4	nist-epub-0008	epub	bytes	a1c	0	1
4	nist-epub-0008	epub	text	a1c	0	2
4	nist-epub-0008	epub	doc-text	a1c	0	2
4	nist-epub-0008	epub	heading	a1c	0	1
4	nist-epub-0008	epub	table	a1c	0	2
4	nist-epub-0008	epub	resource	a1c	0	1
4	nist-epub-0008	epub	metadata	a1c	0	1
4	nist-epub-0008	epub	revision	a1c	0	2
5	nist-epub-0008	epub	bytes	vole	0	1
5	nist-epub-0008	epub	text	vole	0	2
5	nist-epub-0008	epub	doc-text	vole	0	1
5	nist-epub-0008	epub	heading	vole	0	1
5	nist-epub-0008	epub	table	vole	0	1
5	nist-epub-0008	epub	resource	vole	0	1
5	nist-epub-0008	epub	metadata	vole	0	1
5	nist-epub-0008	epub	revision	vole	6	1
5	nist-epub-0008	epub	bytes	a1c	0	2
5	nist-epub-0008	epub	text	a1c	0	1
5	nist-epub-0008	epub	doc-text	a1c	0	2
5	nist-epub-0008	epub	heading	a1c	0	2
5	nist-epub-0008	epub	table	a1c	0	1
5	nist-epub-0008	epub	resource	a1c	0	2
5	nist-epub-0008	epub	metadata	a1c	0	1
5	nist-epub-0008	epub	revision	a1c	0	1
0	nist-epub-0009	epub	bytes	vole	0	1
0	nist-epub-0009	epub	text	vole	0	4
0	nist-epub-0009	epub	doc-text	vole	0	5
0	nist-epub-0009	epub	heading	vole	0	4
0	nist-epub-0009	epub	table	vole	0	4
0	nist-epub-0009	epub	resource	vole	0	4
0	nist-epub-0009	epub	metadata	vole	0	4
0	nist-epub-0009	epub	revision	vole	6	3
0	nist-epub-0009	epub	bytes	a1c	0	3
0	nist-epub-0009	epub	text	a1c	0	1
0	nist-epub-0009	epub	doc-text	a1c	0	2
0	nist-epub-0009	epub	heading	a1c	0	2
0	nist-epub-0009	epub	table	a1c	0	2
0	nist-epub-0009	epub	resource	a1c	0	1
0	nist-epub-0009	epub	metadata	a1c	0	2
0	nist-epub-0009	epub	revision	a1c	0	1
1	nist-epub-0009	epub	bytes	vole	0	1
1	nist-epub-0009	epub	text	vole	0	3
1	nist-epub-0009	epub	doc-text	vole	0	4
1	nist-epub-0009	epub	heading	vole	0	3
1	nist-epub-0009	epub	table	vole	0	3
1	nist-epub-0009	epub	resource	vole	0	3
1	nist-epub-0009	epub	metadata	vole	0	3
1	nist-epub-0009	epub	revision	vole	6	4
1	nist-epub-0009	epub	bytes	a1c	0	2
1	nist-epub-0009	epub	text	a1c	0	1
1	nist-epub-0009	epub	doc-text	a1c	0	1
1	nist-epub-0009	epub	heading	a1c	0	1
1	nist-epub-0009	epub	table	a1c	0	2
1	nist-epub-0009	epub	resource	a1c	0	1
1	nist-epub-0009	epub	metadata	a1c	0	2
1	nist-epub-0009	epub	revision	a1c	0	1
2	nist-epub-0009	epub	bytes	vole	0	1
2	nist-epub-0009	epub	text	vole	0	4
2	nist-epub-0009	epub	doc-text	vole	0	5
2	nist-epub-0009	epub	heading	vole	0	4
2	nist-epub-0009	epub	table	vole	0	4
2	nist-epub-0009	epub	resource	vole	0	3
2	nist-epub-0009	epub	metadata	vole	0	3
2	nist-epub-0009	epub	revision	vole	6	3
2	nist-epub-0009	epub	bytes	a1c	0	2
2	nist-epub-0009	epub	text	a1c	0	1
2	nist-epub-0009	epub	doc-text	a1c	0	2
2	nist-epub-0009	epub	heading	a1c	0	2
2	nist-epub-0009	epub	table	a1c	0	2
2	nist-epub-0009	epub	resource	a1c	0	2
2	nist-epub-0009	epub	metadata	a1c	0	1
2	nist-epub-0009	epub	revision	a1c	0	2
3	nist-epub-0009	epub	bytes	vole	0	1
3	nist-epub-0009	epub	text	vole	0	3
3	nist-epub-0009	epub	doc-text	vole	0	4
3	nist-epub-0009	epub	heading	vole	0	3
3	nist-epub-0009	epub	table	vole	0	3
3	nist-epub-0009	epub	resource	vole	0	4
3	nist-epub-0009	epub	metadata	vole	0	3
3	nist-epub-0009	epub	revision	vole	6	3
3	nist-epub-0009	epub	bytes	a1c	0	2
3	nist-epub-0009	epub	text	a1c	0	2
3	nist-epub-0009	epub	doc-text	a1c	0	2
3	nist-epub-0009	epub	heading	a1c	0	2
3	nist-epub-0009	epub	table	a1c	0	1
3	nist-epub-0009	epub	resource	a1c	0	1
3	nist-epub-0009	epub	metadata	a1c	0	2
3	nist-epub-0009	epub	revision	a1c	0	1
4	nist-epub-0009	epub	bytes	vole	0	1
4	nist-epub-0009	epub	text	vole	0	3
4	nist-epub-0009	epub	doc-text	vole	0	5
4	nist-epub-0009	epub	heading	vole	0	4
4	nist-epub-0009	epub	table	vole	0	4
4	nist-epub-0009	epub	resource	vole	0	3
4	nist-epub-0009	epub	metadata	vole	0	3
4	nist-epub-0009	epub	revision	vole	6	4
4	nist-epub-0009	epub	bytes	a1c	0	2
4	nist-epub-0009	epub	text	a1c	0	2
4	nist-epub-0009	epub	doc-text	a1c	0	2
4	nist-epub-0009	epub	heading	a1c	0	2
4	nist-epub-0009	epub	table	a1c	0	1
4	nist-epub-0009	epub	resource	a1c	0	1
4	nist-epub-0009	epub	metadata	a1c	0	2
4	nist-epub-0009	epub	revision	a1c	0	1
5	nist-epub-0009	epub	bytes	vole	0	0
5	nist-epub-0009	epub	text	vole	0	3
5	nist-epub-0009	epub	doc-text	vole	0	5
5	nist-epub-0009	epub	heading	vole	0	4
5	nist-epub-0009	epub	table	vole	0	4
5	nist-epub-0009	epub	resource	vole	0	3
5	nist-epub-0009	epub	metadata	vole	0	3
5	nist-epub-0009	epub	revision	vole	6	3
5	nist-epub-0009	epub	bytes	a1c	0	2
5	nist-epub-0009	epub	text	a1c	0	2
5	nist-epub-0009	epub	doc-text	a1c	0	2
5	nist-epub-0009	epub	heading	a1c	0	1
5	nist-epub-0009	epub	table	a1c	0	1
5	nist-epub-0009	epub	resource	a1c	0	2
5	nist-epub-0009	epub	metadata	a1c	0	1
5	nist-epub-0009	epub	revision	a1c	0	1
