depth	id	fmt	lane	rc	ms	rss_kb	n
0	nist-pdf-0002	pdf	vole	0	2	4192	4
0	nist-pdf-0002	pdf	a1c	0	2	3576	4
1	nist-pdf-0002	pdf	vole	0	2	4052	4
1	nist-pdf-0002	pdf	a1c	0	1	3540	4
2	nist-pdf-0002	pdf	vole	0	2	3916	4
2	nist-pdf-0002	pdf	a1c	0	2	3664	4
3	nist-pdf-0002	pdf	vole	0	2	4048	4
3	nist-pdf-0002	pdf	a1c	0	2	3660	4
4	nist-pdf-0002	pdf	vole	0	2	4092	4
4	nist-pdf-0002	pdf	a1c	0	2	3624	4
5	nist-pdf-0002	pdf	vole	0	2	4048	4
5	nist-pdf-0002	pdf	a1c	0	2	3564	4
0	nist-pdf-0004	pdf	vole	0	3	5860	4
0	nist-pdf-0004	pdf	a1c	0	2	6224	4
1	nist-pdf-0004	pdf	vole	0	3	5508	4
1	nist-pdf-0004	pdf	a1c	0	2	6128	4
2	nist-pdf-0004	pdf	vole	0	4	5724	4
2	nist-pdf-0004	pdf	a1c	0	2	6120	4
3	nist-pdf-0004	pdf	vole	0	3	5592	4
3	nist-pdf-0004	pdf	a1c	0	3	6240	4
4	nist-pdf-0004	pdf	vole	0	3	5760	4
4	nist-pdf-0004	pdf	a1c	0	2	6180	4
5	nist-pdf-0004	pdf	vole	0	3	5544	4
5	nist-pdf-0004	pdf	a1c	0	2	6192	4
0	nist-pdf-0016	pdf	vole	0	2	4228	4
0	nist-pdf-0016	pdf	a1c	0	2	3704	4
1	nist-pdf-0016	pdf	vole	0	2	4004	4
1	nist-pdf-0016	pdf	a1c	0	2	3752	4
2	nist-pdf-0016	pdf	vole	0	2	4008	4
2	nist-pdf-0016	pdf	a1c	0	2	3696	4
3	nist-pdf-0016	pdf	vole	0	2	4060	4
3	nist-pdf-0016	pdf	a1c	0	2	3780	4
4	nist-pdf-0016	pdf	vole	0	2	4232	4
4	nist-pdf-0016	pdf	a1c	0	2	3860	4
5	nist-pdf-0016	pdf	vole	0	2	3980	4
5	nist-pdf-0016	pdf	a1c	0	1	3860	4
0	nist-pdf-0017	pdf	vole	0	4	6592	4
0	nist-pdf-0017	pdf	a1c	0	2	7208	4
1	nist-pdf-0017	pdf	vole	0	4	6384	4
1	nist-pdf-0017	pdf	a1c	0	3	7224	4
2	nist-pdf-0017	pdf	vole	0	4	6492	4
2	nist-pdf-0017	pdf	a1c	0	2	7272	4
3	nist-pdf-0017	pdf	vole	0	4	6396	4
3	nist-pdf-0017	pdf	a1c	0	3	7340	4
4	nist-pdf-0017	pdf	vole	0	4	6436	4
4	nist-pdf-0017	pdf	a1c	0	3	7340	4
5	nist-pdf-0017	pdf	vole	0	4	6368	4
5	nist-pdf-0017	pdf	a1c	0	3	7304	4
0	nist-docx-0005	docx	vole	0	2	4132	8
0	nist-docx-0005	docx	a1c	0	1	3240	8
1	nist-docx-0005	docx	vole	0	1	4200	8
1	nist-docx-0005	docx	a1c	0	2	3268	8
2	nist-docx-0005	docx	vole	0	2	4056	8
2	nist-docx-0005	docx	a1c	0	2	3004	8
3	nist-docx-0005	docx	vole	0	2	4136	8
3	nist-docx-0005	docx	a1c	0	1	3172	8
4	nist-docx-0005	docx	vole	0	2	4080	8
4	nist-docx-0005	docx	a1c	0	2	3156	8
5	nist-docx-0005	docx	vole	0	1	4064	8
5	nist-docx-0005	docx	a1c	0	2	3296	8
0	nist-docx-0008	docx	vole	0	1	3772	8
0	nist-docx-0008	docx	a1c	0	2	2988	8
1	nist-docx-0008	docx	vole	0	1	3776	8
1	nist-docx-0008	docx	a1c	0	2	2944	8
2	nist-docx-0008	docx	vole	0	2	3828	8
2	nist-docx-0008	docx	a1c	0	2	2912	8
3	nist-docx-0008	docx	vole	0	1	3792	8
3	nist-docx-0008	docx	a1c	0	2	2920	8
4	nist-docx-0008	docx	vole	0	2	3676	8
4	nist-docx-0008	docx	a1c	0	2	2912	8
5	nist-docx-0008	docx	vole	0	2	3820	8
5	nist-docx-0008	docx	a1c	0	2	2988	8
0	nist-docx-0009	docx	vole	0	2	4544	8
0	nist-docx-0009	docx	a1c	0	1	3400	8
1	nist-docx-0009	docx	vole	0	2	4588	8
1	nist-docx-0009	docx	a1c	0	2	3344	8
2	nist-docx-0009	docx	vole	0	2	4724	8
2	nist-docx-0009	docx	a1c	0	2	3360	8
3	nist-docx-0009	docx	vole	0	3	4588	8
3	nist-docx-0009	docx	a1c	0	2	3320	8
4	nist-docx-0009	docx	vole	0	2	4680	8
4	nist-docx-0009	docx	a1c	0	2	3380	8
5	nist-docx-0009	docx	vole	0	2	4488	8
5	nist-docx-0009	docx	a1c	0	2	3300	8
0	nist-docx-0014	docx	vole	0	4	6788	8
0	nist-docx-0014	docx	a1c	0	2	5732	8
1	nist-docx-0014	docx	vole	0	4	6904	8
1	nist-docx-0014	docx	a1c	0	2	5608	8
2	nist-docx-0014	docx	vole	0	3	6560	8
2	nist-docx-0014	docx	a1c	0	3	5632	8
3	nist-docx-0014	docx	vole	0	4	6588	8
3	nist-docx-0014	docx	a1c	0	3	5684	8
4	nist-docx-0014	docx	vole	0	5	6748	8
4	nist-docx-0014	docx	a1c	0	2	5680	8
5	nist-docx-0014	docx	vole	0	4	6584	8
5	nist-docx-0014	docx	a1c	0	2	5740	8
0	nist-epub-0003	epub	vole	0	3	4372	8
0	nist-epub-0003	epub	a1c	0	2	3624	8
1	nist-epub-0003	epub	vole	0	3	4488	8
1	nist-epub-0003	epub	a1c	0	2	3860	8
2	nist-epub-0003	epub	vole	0	3	4436	8
2	nist-epub-0003	epub	a1c	0	2	3800	8
3	nist-epub-0003	epub	vole	0	3	4472	8
3	nist-epub-0003	epub	a1c	0	2	3828	8
4	nist-epub-0003	epub	vole	0	3	4396	8
4	nist-epub-0003	epub	a1c	0	2	3884	8
5	nist-epub-0003	epub	vole	0	3	4308	8
5	nist-epub-0003	epub	a1c	0	2	3888	8
0	nist-epub-0006	epub	vole	0	3	4104	8
0	nist-epub-0006	epub	a1c	0	2	3368	8
1	nist-epub-0006	epub	vole	0	2	4112	8
1	nist-epub-0006	epub	a1c	0	2	3176	8
2	nist-epub-0006	epub	vole	0	2	4268	8
2	nist-epub-0006	epub	a1c	0	2	3384	8
3	nist-epub-0006	epub	vole	0	3	4164	8
3	nist-epub-0006	epub	a1c	0	2	3356	8
4	nist-epub-0006	epub	vole	0	4	4040	8
4	nist-epub-0006	epub	a1c	0	2	3056	8
5	nist-epub-0006	epub	vole	0	2	4176	8
5	nist-epub-0006	epub	a1c	0	2	3308	8
0	nist-epub-0008	epub	vole	0	2	3940	8
0	nist-epub-0008	epub	a1c	0	2	2968	8
1	nist-epub-0008	epub	vole	0	2	3968	8
1	nist-epub-0008	epub	a1c	0	1	2900	8
2	nist-epub-0008	epub	vole	0	1	3916	8
2	nist-epub-0008	epub	a1c	0	2	2916	8
3	nist-epub-0008	epub	vole	0	2	3856	8
3	nist-epub-0008	epub	a1c	0	1	2968	8
4	nist-epub-0008	epub	vole	0	2	3880	8
4	nist-epub-0008	epub	a1c	0	2	2996	8
5	nist-epub-0008	epub	vole	0	2	3628	8
5	nist-epub-0008	epub	a1c	0	2	2968	8
0	nist-epub-0009	epub	vole	0	6	6888	8
0	nist-epub-0009	epub	a1c	0	2	6460	8
1	nist-epub-0009	epub	vole	0	6	7136	8
1	nist-epub-0009	epub	a1c	0	3	6500	8
2	nist-epub-0009	epub	vole	0	6	7064	8
2	nist-epub-0009	epub	a1c	0	3	6524	8
3	nist-epub-0009	epub	vole	0	6	6896	8
3	nist-epub-0009	epub	a1c	0	3	6604	8
4	nist-epub-0009	epub	vole	0	7	7016	8
4	nist-epub-0009	epub	a1c	0	3	6524	8
5	nist-epub-0009	epub	vole	0	6	7152	8
5	nist-epub-0009	epub	a1c	0	3	6496	8
