kind,id,lane,depth,n,median_ms,mean_ms,p25_ms,p75_ms,min_ms,max_ms,cv
build,nist-docx-0005,vole,all,10,8.576,8.773,8.246,8.992,8.090,10.102,0.0828
build,nist-docx-0008,vole,all,10,7.787,7.998,7.686,8.130,7.646,9.180,0.0593
build,nist-docx-0009,vole,all,10,9.002,9.100,8.996,9.171,8.837,9.645,0.0250
build,nist-docx-0014,vole,all,10,16.942,17.036,16.746,17.119,16.577,17.822,0.0245
build,nist-epub-0003,vole,all,10,8.516,9.229,8.378,8.961,8.224,13.353,0.1769
build,nist-epub-0006,vole,all,10,8.902,9.235,8.726,9.218,8.225,10.979,0.1033
build,nist-epub-0008,vole,all,10,8.215,8.709,8.093,8.498,7.840,11.076,0.1311
build,nist-epub-0009,vole,all,10,19.723,20.469,19.503,19.812,19.243,27.763,0.1259
build,nist-pdf-0002,vole,all,10,22.548,24.020,22.396,26.436,21.875,27.411,0.0979
build,nist-pdf-0004,vole,all,10,35.029,35.133,33.655,36.684,33.313,36.969,0.0453
build,nist-pdf-0016,vole,all,10,17.752,18.412,17.629,18.272,17.040,21.408,0.0846
build,nist-pdf-0017,vole,all,10,1381.581,1418.428,1371.307,1411.561,1363.143,1583.846,0.0562
build,nist-docx-0005,sqlite,0,10,50.885,50.911,47.209,53.274,46.134,58.222,0.0813
build,nist-docx-0008,sqlite,0,10,40.355,40.191,39.630,40.708,38.960,41.647,0.0207
build,nist-docx-0009,sqlite,0,10,111.353,114.264,110.121,112.136,109.490,140.354,0.0821
build,nist-docx-0014,sqlite,0,10,155.034,157.677,153.048,158.321,150.821,179.269,0.0522
build,nist-epub-0003,sqlite,0,10,56.596,56.338,54.726,57.352,53.919,59.122,0.0309
build,nist-epub-0006,sqlite,0,10,44.710,45.737,44.167,46.199,43.102,52.608,0.0626
build,nist-epub-0008,sqlite,0,10,39.498,39.660,39.114,40.303,38.635,40.876,0.0193
build,nist-epub-0009,sqlite,0,10,68.240,69.785,68.025,68.697,67.409,81.912,0.0626
build,nist-pdf-0002,sqlite,0,10,276.027,282.003,274.695,276.521,272.105,341.365,0.0742
build,nist-pdf-0004,sqlite,0,10,372.824,394.962,371.697,402.621,366.089,490.116,0.1065
build,nist-pdf-0016,sqlite,0,10,76.140,77.363,75.574,77.041,73.554,88.205,0.0526
build,nist-pdf-0017,sqlite,0,10,313.373,320.099,312.432,315.443,308.690,381.802,0.0681
build,nist-docx-0005,sqlite,1,10,50.519,52.992,47.751,55.807,44.687,66.827,0.1496
build,nist-docx-0008,sqlite,1,10,40.645,42.428,39.641,42.734,37.970,53.222,0.1169
build,nist-docx-0009,sqlite,1,10,111.017,113.171,110.090,111.780,109.283,133.807,0.0648
build,nist-docx-0014,sqlite,1,10,152.753,153.161,152.079,154.849,150.057,155.790,0.0128
build,nist-epub-0003,sqlite,1,10,55.961,56.659,54.418,58.784,53.134,61.251,0.0489
build,nist-epub-0006,sqlite,1,10,43.926,44.046,42.992,44.626,41.550,48.129,0.0454
build,nist-epub-0008,sqlite,1,10,39.123,39.523,38.492,40.591,37.800,41.702,0.0356
build,nist-epub-0009,sqlite,1,10,68.717,69.176,68.354,68.812,67.407,73.987,0.0277
build,nist-pdf-0002,sqlite,1,10,276.517,288.097,273.531,279.490,272.843,375.745,0.1108
build,nist-pdf-0004,sqlite,1,10,373.162,383.448,371.146,378.774,368.136,471.481,0.0814
build,nist-pdf-0016,sqlite,1,10,75.316,75.650,73.994,76.504,72.262,83.102,0.0406
build,nist-pdf-0017,sqlite,1,10,313.322,331.294,312.463,331.912,308.999,412.195,0.1059
build,nist-docx-0005,sqlite,2,10,49.724,52.946,46.600,58.172,45.495,67.014,0.1437
build,nist-docx-0008,sqlite,2,10,39.099,41.867,38.728,41.366,38.094,54.738,0.1401
build,nist-docx-0009,sqlite,2,10,110.649,112.785,109.465,111.501,108.182,133.245,0.0654
build,nist-docx-0014,sqlite,2,10,154.433,155.810,153.613,155.377,148.973,170.058,0.0358
build,nist-epub-0003,sqlite,2,10,57.019,57.948,55.268,59.980,54.012,64.010,0.0586
build,nist-epub-0006,sqlite,2,10,44.986,44.471,42.407,45.969,42.203,47.262,0.0437
build,nist-epub-0008,sqlite,2,10,38.904,39.141,38.498,39.374,38.131,41.056,0.0234
build,nist-epub-0009,sqlite,2,10,69.775,69.365,68.265,69.973,67.836,71.214,0.0168
build,nist-pdf-0002,sqlite,2,10,277.285,293.447,273.841,281.005,271.438,393.988,0.1346
build,nist-pdf-0004,sqlite,2,10,372.794,387.836,371.403,395.841,367.089,446.979,0.0745
build,nist-pdf-0016,sqlite,2,10,75.859,76.962,74.906,76.323,72.589,90.090,0.0627
build,nist-pdf-0017,sqlite,2,10,315.182,332.123,314.083,343.363,311.042,400.868,0.0893
build,nist-docx-0005,sqlite,3,10,48.904,54.294,46.851,61.794,46.006,69.212,0.1703
build,nist-docx-0008,sqlite,3,10,40.141,41.525,39.472,40.485,38.043,56.743,0.1305
build,nist-docx-0009,sqlite,3,10,110.215,111.035,109.744,110.972,108.807,116.493,0.0215
build,nist-docx-0014,sqlite,3,10,152.626,152.727,151.662,153.708,149.804,156.322,0.0136
build,nist-epub-0003,sqlite,3,10,56.987,57.022,55.176,57.852,54.276,62.145,0.0410
build,nist-epub-0006,sqlite,3,10,44.610,44.637,43.078,45.318,41.550,50.362,0.0563
build,nist-epub-0008,sqlite,3,10,38.533,39.139,38.148,39.839,37.661,42.522,0.0377
build,nist-epub-0009,sqlite,3,10,69.212,69.203,69.119,69.608,67.850,70.292,0.0103
build,nist-pdf-0002,sqlite,3,10,276.676,288.761,275.249,284.452,271.095,360.059,0.0966
build,nist-pdf-0004,sqlite,3,10,375.279,401.630,372.803,419.399,368.960,518.175,0.1247
build,nist-pdf-0016,sqlite,3,10,75.510,78.930,74.942,76.713,72.823,97.088,0.1054
build,nist-pdf-0017,sqlite,3,10,313.654,319.379,312.647,319.500,310.820,347.981,0.0375
build,nist-docx-0005,sqlite,4,10,50.832,53.081,46.465,57.196,46.070,70.085,0.1479
build,nist-docx-0008,sqlite,4,10,40.569,42.796,39.962,41.772,38.980,62.154,0.1611
build,nist-docx-0009,sqlite,4,10,110.626,110.797,110.069,111.948,108.111,112.772,0.0133
build,nist-docx-0014,sqlite,4,10,152.298,152.579,150.862,154.473,148.488,157.215,0.0178
build,nist-epub-0003,sqlite,4,10,57.387,57.557,56.185,58.330,54.788,62.325,0.0374
build,nist-epub-0006,sqlite,4,10,44.000,43.902,43.301,44.767,41.754,45.503,0.0281
build,nist-epub-0008,sqlite,4,10,39.034,39.148,38.331,39.625,38.210,40.825,0.0230
build,nist-epub-0009,sqlite,4,10,69.090,69.340,68.801,69.227,67.002,73.995,0.0257
build,nist-pdf-0002,sqlite,4,10,277.544,296.062,274.743,309.330,270.653,363.061,0.1123
build,nist-pdf-0004,sqlite,4,10,373.595,378.055,372.788,383.407,370.734,397.078,0.0238
build,nist-pdf-0016,sqlite,4,10,75.022,78.775,73.951,75.911,73.261,97.461,0.1133
build,nist-pdf-0017,sqlite,4,10,312.714,313.305,312.327,313.391,308.626,319.183,0.0105
build,nist-docx-0005,sqlite,5,10,52.655,53.514,46.617,56.888,45.293,69.116,0.1462
build,nist-docx-0008,sqlite,5,10,39.757,41.331,38.700,41.019,38.079,56.760,0.1339
build,nist-docx-0009,sqlite,5,10,110.788,111.407,109.951,111.604,109.413,117.418,0.0210
build,nist-docx-0014,sqlite,5,10,153.945,155.520,152.734,156.233,150.397,164.099,0.0308
build,nist-epub-0003,sqlite,5,10,56.559,56.928,56.007,57.734,53.416,62.731,0.0459
build,nist-epub-0006,sqlite,5,10,45.011,44.263,42.167,45.635,41.419,46.782,0.0467
build,nist-epub-0008,sqlite,5,10,38.729,38.997,38.459,39.106,38.274,40.854,0.0211
build,nist-epub-0009,sqlite,5,10,69.361,70.104,68.701,70.741,65.655,78.359,0.0470
build,nist-pdf-0002,sqlite,5,10,276.317,289.945,274.838,285.499,273.738,354.246,0.0975
build,nist-pdf-0004,sqlite,5,10,372.529,372.764,371.158,373.682,369.768,376.951,0.0059
build,nist-pdf-0016,sqlite,5,10,76.043,80.114,74.906,76.774,73.644,103.824,0.1269
build,nist-pdf-0017,sqlite,5,10,312.676,312.363,311.124,313.755,308.741,315.911,0.0069
warm,nist-docx-0005,vole,0,10,1.375,1.440,1.356,1.460,1.272,1.911,0.1265
warm,nist-docx-0008,vole,0,10,1.081,1.092,1.071,1.099,1.037,1.197,0.0404
warm,nist-docx-0009,vole,0,10,1.821,1.830,1.780,1.874,1.726,1.977,0.0414
warm,nist-docx-0014,vole,0,10,3.708,3.768,3.652,3.857,3.599,4.124,0.0440
warm,nist-epub-0003,vole,0,10,3.090,3.193,3.019,3.157,2.992,4.213,0.1142
warm,nist-epub-0006,vole,0,10,2.458,2.474,2.416,2.551,2.322,2.616,0.0380
warm,nist-epub-0008,vole,0,10,1.610,1.617,1.589,1.623,1.575,1.731,0.0274
warm,nist-epub-0009,vole,0,10,6.002,6.027,5.965,6.091,5.856,6.317,0.0219
warm,nist-pdf-0002,vole,0,10,1.381,1.461,1.343,1.405,1.335,1.941,0.1427
warm,nist-pdf-0004,vole,0,10,3.054,3.124,3.000,3.151,2.961,3.622,0.0644
warm,nist-pdf-0016,vole,0,10,1.467,1.574,1.438,1.536,1.401,2.070,0.1537
warm,nist-pdf-0017,vole,0,10,3.838,3.939,3.818,3.928,3.753,4.650,0.0662
warm,nist-docx-0005,vole,1,10,1.384,1.496,1.353,1.629,1.293,1.852,0.1421
warm,nist-docx-0008,vole,1,10,1.093,1.087,1.071,1.104,1.031,1.157,0.0343
warm,nist-docx-0009,vole,1,10,1.788,1.793,1.764,1.830,1.723,1.859,0.0244
warm,nist-docx-0014,vole,1,10,3.776,3.796,3.640,3.849,3.538,4.249,0.0557
warm,nist-epub-0003,vole,1,10,3.134,3.152,3.030,3.159,3.012,3.560,0.0529
warm,nist-epub-0006,vole,1,10,2.516,2.495,2.410,2.565,2.340,2.630,0.0388
warm,nist-epub-0008,vole,1,10,1.618,1.629,1.573,1.631,1.555,1.843,0.0521
warm,nist-epub-0009,vole,1,10,6.045,6.025,5.959,6.080,5.827,6.235,0.0183
warm,nist-pdf-0002,vole,1,10,1.365,1.409,1.316,1.406,1.302,1.807,0.1078
warm,nist-pdf-0004,vole,1,10,3.047,3.152,2.972,3.149,2.954,3.656,0.0866
warm,nist-pdf-0016,vole,1,10,1.497,1.557,1.472,1.531,1.403,1.909,0.1080
warm,nist-pdf-0017,vole,1,10,3.865,3.916,3.816,3.917,3.720,4.285,0.0468
warm,nist-docx-0005,vole,2,10,1.411,1.487,1.333,1.520,1.267,1.907,0.1561
warm,nist-docx-0008,vole,2,10,1.060,1.071,1.050,1.084,1.043,1.134,0.0288
warm,nist-docx-0009,vole,2,10,1.817,1.829,1.775,1.862,1.765,1.970,0.0366
warm,nist-docx-0014,vole,2,10,3.711,3.703,3.622,3.792,3.569,3.833,0.0281
warm,nist-epub-0003,vole,2,10,3.037,3.343,2.991,3.203,2.930,5.829,0.2638
warm,nist-epub-0006,vole,2,10,2.451,2.446,2.403,2.492,2.365,2.507,0.0210
warm,nist-epub-0008,vole,2,10,1.653,1.689,1.607,1.675,1.558,2.140,0.0981
warm,nist-epub-0009,vole,2,10,6.079,6.059,5.920,6.157,5.846,6.356,0.0261
warm,nist-pdf-0002,vole,2,10,1.373,1.415,1.349,1.400,1.309,1.850,0.1103
warm,nist-pdf-0004,vole,2,10,3.064,3.336,3.027,3.120,2.945,5.057,0.2009
warm,nist-pdf-0016,vole,2,10,1.452,1.483,1.424,1.473,1.398,1.848,0.0886
warm,nist-pdf-0017,vole,2,10,3.841,3.876,3.766,3.876,3.684,4.351,0.0486
warm,nist-docx-0005,vole,3,10,1.454,1.517,1.361,1.607,1.280,1.926,0.1447
warm,nist-docx-0008,vole,3,10,1.101,1.092,1.081,1.117,1.009,1.137,0.0364
warm,nist-docx-0009,vole,3,10,1.790,1.801,1.773,1.837,1.734,1.867,0.0250
warm,nist-docx-0014,vole,3,10,3.756,3.767,3.730,3.800,3.658,3.895,0.0183
warm,nist-epub-0003,vole,3,10,3.018,3.072,2.992,3.102,2.898,3.512,0.0559
warm,nist-epub-0006,vole,3,10,2.433,2.439,2.396,2.483,2.341,2.543,0.0255
warm,nist-epub-0008,vole,3,10,1.611,1.604,1.579,1.618,1.552,1.656,0.0208
warm,nist-epub-0009,vole,3,10,6.005,6.061,5.944,6.104,5.857,6.546,0.0329
warm,nist-pdf-0002,vole,3,10,1.401,1.426,1.321,1.462,1.307,1.770,0.0979
warm,nist-pdf-0004,vole,3,10,3.065,3.209,3.006,3.182,2.949,3.842,0.1035
warm,nist-pdf-0016,vole,3,10,1.536,1.529,1.475,1.554,1.428,1.665,0.0451
warm,nist-pdf-0017,vole,3,10,3.851,3.910,3.810,3.890,3.717,4.620,0.0654
warm,nist-docx-0005,vole,4,10,1.629,1.603,1.484,1.765,1.274,1.898,0.1323
warm,nist-docx-0008,vole,4,10,1.076,1.090,1.071,1.099,1.056,1.177,0.0322
warm,nist-docx-0009,vole,4,10,1.810,1.813,1.768,1.842,1.734,1.909,0.0308
warm,nist-docx-0014,vole,4,10,3.708,3.725,3.651,3.764,3.617,3.944,0.0266
warm,nist-epub-0003,vole,4,10,3.055,3.046,2.964,3.124,2.904,3.196,0.0331
warm,nist-epub-0006,vole,4,10,2.433,2.439,2.397,2.511,2.317,2.528,0.0308
warm,nist-epub-0008,vole,4,10,1.614,1.628,1.592,1.663,1.561,1.732,0.0328
warm,nist-epub-0009,vole,4,10,5.955,5.961,5.886,6.021,5.833,6.092,0.0149
warm,nist-pdf-0002,vole,4,10,1.369,1.419,1.343,1.378,1.305,1.748,0.1033
warm,nist-pdf-0004,vole,4,10,2.991,3.131,2.943,3.131,2.893,3.823,0.1006
warm,nist-pdf-0016,vole,4,10,1.488,1.516,1.434,1.508,1.399,1.929,0.1006
warm,nist-pdf-0017,vole,4,10,3.833,3.923,3.781,4.051,3.756,4.328,0.0490
warm,nist-docx-0005,vole,5,10,1.396,1.442,1.311,1.545,1.286,1.698,0.1044
warm,nist-docx-0008,vole,5,10,1.069,1.083,1.062,1.106,1.018,1.165,0.0397
warm,nist-docx-0009,vole,5,10,1.801,1.825,1.774,1.844,1.745,2.002,0.0439
warm,nist-docx-0014,vole,5,10,3.789,3.815,3.736,3.889,3.540,4.193,0.0490
warm,nist-epub-0003,vole,5,10,2.963,3.064,2.958,3.064,2.904,3.682,0.0752
warm,nist-epub-0006,vole,5,10,2.438,2.438,2.396,2.494,2.307,2.532,0.0284
warm,nist-epub-0008,vole,5,10,1.622,1.636,1.614,1.647,1.575,1.746,0.0305
warm,nist-epub-0009,vole,5,10,5.950,6.098,5.910,6.033,5.904,7.347,0.0725
warm,nist-pdf-0002,vole,5,10,1.333,1.423,1.316,1.354,1.270,1.858,0.1545
warm,nist-pdf-0004,vole,5,10,3.035,3.123,3.007,3.100,2.911,3.731,0.0766
warm,nist-pdf-0016,vole,5,10,1.456,1.500,1.439,1.499,1.407,1.871,0.0896
warm,nist-pdf-0017,vole,5,10,3.850,3.934,3.779,3.900,3.725,4.763,0.0771
warm,nist-docx-0005,sqlite,0,10,1.851,1.973,1.752,2.172,1.676,2.557,0.1587
warm,nist-docx-0008,sqlite,0,10,1.679,1.680,1.659,1.698,1.589,1.796,0.0326
warm,nist-docx-0009,sqlite,0,10,1.854,1.880,1.801,1.969,1.779,2.043,0.0523
warm,nist-docx-0014,sqlite,0,10,2.535,2.619,2.524,2.559,2.405,3.509,0.1222
warm,nist-epub-0003,sqlite,0,10,2.076,2.123,2.046,2.171,1.911,2.460,0.0713
warm,nist-epub-0006,sqlite,0,10,1.806,1.854,1.779,1.883,1.716,2.243,0.0820
warm,nist-epub-0008,sqlite,0,10,1.761,1.766,1.718,1.813,1.686,1.876,0.0361
warm,nist-epub-0009,sqlite,0,10,3.034,3.055,2.944,3.166,2.899,3.263,0.0451
warm,nist-pdf-0002,sqlite,0,10,1.666,1.747,1.637,1.706,1.604,2.463,0.1467
warm,nist-pdf-0004,sqlite,0,10,2.328,2.478,2.139,2.417,2.032,3.517,0.2113
warm,nist-pdf-0016,sqlite,0,10,1.718,1.832,1.708,1.821,1.649,2.601,0.1542
warm,nist-pdf-0017,sqlite,0,10,2.439,2.609,2.387,2.652,2.309,3.700,0.1590
warm,nist-docx-0005,sqlite,1,10,1.853,1.956,1.786,2.007,1.705,2.710,0.1492
warm,nist-docx-0008,sqlite,1,10,1.722,1.739,1.704,1.777,1.657,1.887,0.0395
warm,nist-docx-0009,sqlite,1,10,1.892,1.896,1.851,1.933,1.810,2.026,0.0347
warm,nist-docx-0014,sqlite,1,10,2.487,2.526,2.468,2.499,2.417,2.828,0.0480
warm,nist-epub-0003,sqlite,1,10,2.091,2.129,2.047,2.217,1.999,2.296,0.0503
warm,nist-epub-0006,sqlite,1,10,1.859,1.899,1.818,2.010,1.738,2.061,0.0624
warm,nist-epub-0008,sqlite,1,10,1.744,1.747,1.724,1.780,1.682,1.800,0.0228
warm,nist-epub-0009,sqlite,1,10,3.156,3.112,3.107,3.195,2.868,3.241,0.0412
warm,nist-pdf-0002,sqlite,1,10,1.667,1.769,1.614,1.695,1.583,2.465,0.1612
warm,nist-pdf-0004,sqlite,1,10,2.291,2.451,2.220,2.561,2.048,3.222,0.1649
warm,nist-pdf-0016,sqlite,1,10,1.776,1.920,1.726,1.845,1.672,2.609,0.1825
warm,nist-pdf-0017,sqlite,1,10,2.483,2.656,2.418,2.542,2.385,3.572,0.1567
warm,nist-docx-0005,sqlite,2,10,1.903,2.090,1.794,2.178,1.764,2.884,0.1952
warm,nist-docx-0008,sqlite,2,10,1.744,1.763,1.709,1.798,1.687,1.895,0.0402
warm,nist-docx-0009,sqlite,2,10,1.931,1.914,1.877,1.940,1.849,1.973,0.0219
warm,nist-docx-0014,sqlite,2,10,2.671,2.762,2.617,2.696,2.486,3.851,0.1416
warm,nist-epub-0003,sqlite,2,10,2.265,2.285,2.178,2.314,2.104,2.696,0.0744
warm,nist-epub-0006,sqlite,2,10,1.954,1.954,1.869,2.026,1.822,2.093,0.0496
warm,nist-epub-0008,sqlite,2,10,1.861,1.900,1.798,1.922,1.771,2.288,0.0826
warm,nist-epub-0009,sqlite,2,10,3.087,3.145,3.056,3.215,3.017,3.420,0.0415
warm,nist-pdf-0002,sqlite,2,10,1.711,1.737,1.663,1.809,1.619,1.933,0.0595
warm,nist-pdf-0004,sqlite,2,10,2.283,2.438,2.216,2.538,2.103,3.411,0.1569
warm,nist-pdf-0016,sqlite,2,10,1.772,1.857,1.746,1.879,1.686,2.454,0.1202
warm,nist-pdf-0017,sqlite,2,10,2.588,2.701,2.534,2.688,2.463,3.669,0.1313
warm,nist-docx-0005,sqlite,3,10,1.929,2.216,1.829,2.701,1.801,2.914,0.2122
warm,nist-docx-0008,sqlite,3,10,1.747,1.762,1.736,1.757,1.695,1.920,0.0344
warm,nist-docx-0009,sqlite,3,10,1.905,1.902,1.885,1.932,1.818,1.989,0.0260
warm,nist-docx-0014,sqlite,3,10,2.542,2.674,2.530,2.632,2.455,3.665,0.1332
warm,nist-epub-0003,sqlite,3,10,2.259,2.227,2.122,2.298,2.039,2.390,0.0535
warm,nist-epub-0006,sqlite,3,10,1.935,1.962,1.923,2.026,1.890,2.036,0.0306
warm,nist-epub-0008,sqlite,3,10,1.893,1.873,1.831,1.911,1.770,1.935,0.0299
warm,nist-epub-0009,sqlite,3,10,3.083,3.093,3.047,3.146,2.998,3.185,0.0214
warm,nist-pdf-0002,sqlite,3,10,1.712,1.781,1.666,1.776,1.609,2.437,0.1343
warm,nist-pdf-0004,sqlite,3,10,2.256,2.457,2.216,2.454,2.091,3.394,0.1772
warm,nist-pdf-0016,sqlite,3,10,1.730,1.890,1.701,1.803,1.642,2.560,0.1867
warm,nist-pdf-0017,sqlite,3,10,2.521,2.631,2.434,2.715,2.246,3.588,0.1425
warm,nist-docx-0005,sqlite,4,10,2.034,2.325,1.936,2.855,1.855,2.953,0.2126
warm,nist-docx-0008,sqlite,4,10,1.870,1.883,1.835,1.898,1.787,2.030,0.0379
warm,nist-docx-0009,sqlite,4,10,1.998,1.994,1.955,2.027,1.924,2.054,0.0224
warm,nist-docx-0014,sqlite,4,10,2.687,2.682,2.614,2.723,2.522,2.857,0.0388
warm,nist-epub-0003,sqlite,4,10,2.322,2.328,2.239,2.421,2.160,2.515,0.0492
warm,nist-epub-0006,sqlite,4,10,2.003,2.033,1.956,2.129,1.925,2.184,0.0513
warm,nist-epub-0008,sqlite,4,10,1.895,1.943,1.879,2.005,1.832,2.101,0.0507
warm,nist-epub-0009,sqlite,4,10,3.300,3.278,3.242,3.319,3.136,3.370,0.0213
warm,nist-pdf-0002,sqlite,4,10,1.742,1.893,1.702,1.798,1.675,2.571,0.1845
warm,nist-pdf-0004,sqlite,4,10,2.276,2.390,2.215,2.356,2.169,3.459,0.1601
warm,nist-pdf-0016,sqlite,4,10,1.772,1.883,1.730,1.926,1.692,2.500,0.1342
warm,nist-pdf-0017,sqlite,4,10,2.580,2.779,2.520,2.751,2.402,3.748,0.1675
warm,nist-docx-0005,sqlite,5,10,1.966,2.286,1.878,2.821,1.856,2.942,0.2159
warm,nist-docx-0008,sqlite,5,10,1.792,1.798,1.776,1.830,1.739,1.858,0.0212
warm,nist-docx-0009,sqlite,5,10,2.011,2.007,1.966,2.052,1.890,2.106,0.0338
warm,nist-docx-0014,sqlite,5,10,2.747,2.772,2.672,2.889,2.554,3.035,0.0586
warm,nist-epub-0003,sqlite,5,10,2.305,2.325,2.236,2.354,2.200,2.543,0.0505
warm,nist-epub-0006,sqlite,5,10,2.011,2.017,1.959,2.070,1.885,2.146,0.0431
warm,nist-epub-0008,sqlite,5,10,1.916,1.905,1.835,1.962,1.822,1.986,0.0358
warm,nist-epub-0009,sqlite,5,10,3.296,3.298,3.171,3.341,3.056,3.639,0.0555
warm,nist-pdf-0002,sqlite,5,10,1.736,1.885,1.725,1.756,1.655,2.686,0.1833
warm,nist-pdf-0004,sqlite,5,10,2.324,2.358,2.269,2.517,2.069,2.590,0.0728
warm,nist-pdf-0016,sqlite,5,10,1.821,1.910,1.816,1.871,1.703,2.568,0.1310
warm,nist-pdf-0017,sqlite,5,10,2.480,2.610,2.447,2.587,2.358,3.550,0.1363
cold,nist-docx-0005,vole,0,10,8.492,9.246,8.346,9.876,8.165,11.681,0.1406
cold,nist-docx-0008,vole,0,10,7.288,7.404,7.232,7.388,7.149,8.387,0.0486
cold,nist-docx-0009,vole,0,10,10.764,10.760,10.589,10.967,10.410,11.035,0.0210
cold,nist-docx-0014,vole,0,10,22.946,22.956,22.737,23.033,22.613,23.704,0.0135
cold,nist-epub-0003,vole,0,10,10.063,10.284,9.873,10.370,9.623,12.120,0.0721
cold,nist-epub-0006,vole,0,10,9.614,9.585,9.232,9.935,9.116,10.089,0.0393
cold,nist-epub-0008,vole,0,10,8.030,8.004,7.834,8.157,7.762,8.246,0.0224
cold,nist-epub-0009,vole,0,10,26.933,27.057,26.801,27.199,26.682,28.113,0.0156
cold,nist-pdf-0002,vole,0,10,4.106,4.446,4.092,4.304,3.985,6.012,0.1563
cold,nist-pdf-0004,vole,0,10,7.540,7.895,7.455,7.878,7.416,10.434,0.1169
cold,nist-pdf-0016,vole,0,10,4.397,4.737,4.334,4.569,4.309,6.103,0.1507
cold,nist-pdf-0017,vole,0,10,9.264,9.381,9.214,9.376,9.174,10.248,0.0345
cold,nist-docx-0005,vole,1,10,8.467,9.098,8.333,9.895,8.202,11.340,0.1235
cold,nist-docx-0008,vole,1,10,7.261,7.242,7.156,7.376,6.905,7.568,0.0288
cold,nist-docx-0009,vole,1,10,10.584,10.567,10.435,10.630,10.348,10.910,0.0159
cold,nist-docx-0014,vole,1,10,22.788,22.966,22.573,23.096,22.426,24.693,0.0289
cold,nist-epub-0003,vole,1,10,9.987,10.051,9.582,10.292,9.501,11.148,0.0542
cold,nist-epub-0006,vole,1,10,9.393,9.512,9.307,9.833,9.065,10.040,0.0363
cold,nist-epub-0008,vole,1,10,7.908,7.923,7.787,8.062,7.577,8.278,0.0268
cold,nist-epub-0009,vole,1,10,26.730,26.910,26.643,27.100,26.609,27.629,0.0131
cold,nist-pdf-0002,vole,1,10,4.109,4.381,4.030,4.203,3.932,5.640,0.1519
cold,nist-pdf-0004,vole,1,10,7.503,7.676,7.401,7.593,7.292,9.343,0.0786
cold,nist-pdf-0016,vole,1,10,4.345,4.575,4.260,4.598,4.141,5.621,0.1167
cold,nist-pdf-0017,vole,1,10,9.090,9.391,9.046,9.244,9.001,10.779,0.0692
cold,nist-docx-0005,vole,2,10,8.716,8.949,8.192,9.396,8.120,11.230,0.1085
cold,nist-docx-0008,vole,2,10,7.210,7.210,7.037,7.364,6.990,7.453,0.0250
cold,nist-docx-0009,vole,2,10,10.576,10.555,10.415,10.692,10.290,10.830,0.0170
cold,nist-docx-0014,vole,2,10,22.776,22.851,22.665,23.093,22.462,23.386,0.0132
cold,nist-epub-0003,vole,2,10,9.877,9.898,9.493,9.986,9.243,11.237,0.0576
cold,nist-epub-0006,vole,2,10,9.247,9.393,9.127,9.697,9.072,9.889,0.0347
cold,nist-epub-0008,vole,2,10,7.827,7.859,7.732,7.963,7.623,8.110,0.0208
cold,nist-epub-0009,vole,2,10,27.163,27.181,26.877,27.517,26.546,27.817,0.0157
cold,nist-pdf-0002,vole,2,10,4.077,4.261,3.994,4.378,3.906,5.381,0.1047
cold,nist-pdf-0004,vole,2,10,7.449,7.769,7.322,7.534,7.209,9.656,0.1060
cold,nist-pdf-0016,vole,2,10,4.350,4.493,4.239,4.516,4.191,5.285,0.0854
cold,nist-pdf-0017,vole,2,10,9.066,9.276,8.928,9.607,8.802,10.258,0.0541
cold,nist-docx-0005,vole,3,10,9.344,9.387,8.177,9.894,7.848,12.390,0.1500
cold,nist-docx-0008,vole,3,10,7.093,7.110,7.079,7.172,6.931,7.274,0.0136
cold,nist-docx-0009,vole,3,10,10.569,10.532,10.364,10.653,10.276,10.856,0.0174
cold,nist-docx-0014,vole,3,10,22.649,22.599,22.505,22.703,22.130,22.978,0.0122
cold,nist-epub-0003,vole,3,10,9.787,9.709,9.460,9.941,9.268,10.058,0.0303
cold,nist-epub-0006,vole,3,10,9.252,9.336,9.045,9.647,8.862,10.011,0.0412
cold,nist-epub-0008,vole,3,10,7.803,7.908,7.714,7.897,7.625,8.557,0.0398
cold,nist-epub-0009,vole,3,10,27.096,27.000,26.721,27.268,26.334,27.596,0.0147
cold,nist-pdf-0002,vole,3,10,4.143,4.280,4.008,4.311,3.968,5.538,0.1101
cold,nist-pdf-0004,vole,3,10,7.611,8.044,7.545,7.721,7.364,9.971,0.1253
cold,nist-pdf-0016,vole,3,10,4.336,4.500,4.250,4.434,4.184,5.533,0.0967
cold,nist-pdf-0017,vole,3,10,9.158,9.263,8.928,9.515,8.888,10.056,0.0423
cold,nist-docx-0005,vole,4,10,9.046,9.489,8.352,10.284,8.026,12.945,0.1625
cold,nist-docx-0008,vole,4,10,7.138,7.175,7.083,7.209,6.932,7.572,0.0259
cold,nist-docx-0009,vole,4,10,10.471,10.476,10.363,10.586,10.251,10.754,0.0158
cold,nist-docx-0014,vole,4,10,22.770,22.756,22.579,22.893,22.434,23.198,0.0099
cold,nist-epub-0003,vole,4,10,9.761,9.788,9.584,9.969,9.464,10.156,0.0242
cold,nist-epub-0006,vole,4,10,9.245,9.400,9.068,9.716,8.991,10.117,0.0431
cold,nist-epub-0008,vole,4,10,7.697,7.735,7.683,7.717,7.483,8.092,0.0218
cold,nist-epub-0009,vole,4,10,27.189,27.190,26.663,27.316,26.526,28.479,0.0234
cold,nist-pdf-0002,vole,4,10,4.119,4.272,4.013,4.319,3.909,5.374,0.1032
cold,nist-pdf-0004,vole,4,10,7.555,7.861,7.312,7.661,7.172,10.030,0.1195
cold,nist-pdf-0016,vole,4,10,4.379,4.524,4.338,4.497,4.183,5.627,0.0908
cold,nist-pdf-0017,vole,4,10,9.062,9.338,9.027,9.200,8.774,10.892,0.0749
cold,nist-docx-0005,vole,5,10,9.338,9.444,8.237,10.455,7.903,11.531,0.1385
cold,nist-docx-0008,vole,5,10,7.175,7.145,7.090,7.263,6.837,7.326,0.0213
cold,nist-docx-0009,vole,5,10,10.569,10.555,10.378,10.754,10.207,10.853,0.0226
cold,nist-docx-0014,vole,5,10,22.710,22.684,22.486,22.788,22.260,23.127,0.0128
cold,nist-epub-0003,vole,5,10,9.782,9.694,9.598,9.875,9.206,9.948,0.0254
cold,nist-epub-0006,vole,5,10,9.475,9.429,9.252,9.660,8.902,9.835,0.0332
cold,nist-epub-0008,vole,5,10,7.753,7.808,7.717,7.929,7.455,8.298,0.0317
cold,nist-epub-0009,vole,5,10,27.060,27.199,26.997,27.485,26.652,27.875,0.0144
cold,nist-pdf-0002,vole,5,10,4.002,4.221,3.919,4.109,3.868,5.378,0.1256
cold,nist-pdf-0004,vole,5,10,7.375,7.640,7.291,7.768,7.113,8.807,0.0713
cold,nist-pdf-0016,vole,5,10,4.300,4.492,4.277,4.442,4.215,5.776,0.1048
cold,nist-pdf-0017,vole,5,10,9.114,9.528,9.045,9.430,8.862,11.957,0.1003
cold,nist-docx-0005,sqlite,0,10,12.452,12.936,11.197,15.006,10.684,15.467,0.1533
cold,nist-docx-0008,sqlite,0,10,11.267,11.352,11.064,11.345,10.940,12.705,0.0444
cold,nist-docx-0009,sqlite,0,10,11.435,11.381,11.197,11.511,10.742,12.014,0.0308
cold,nist-docx-0014,sqlite,0,10,12.160,12.624,12.082,12.454,11.897,16.440,0.1075
cold,nist-epub-0003,sqlite,0,10,12.023,12.029,11.699,12.114,11.503,13.205,0.0398
cold,nist-epub-0006,sqlite,0,10,11.744,11.705,11.219,12.248,10.849,12.439,0.0497
cold,nist-epub-0008,sqlite,0,10,12.021,12.053,11.844,12.214,11.636,12.644,0.0248
cold,nist-epub-0009,sqlite,0,10,13.296,13.302,13.223,13.456,12.964,13.588,0.0160
cold,nist-pdf-0002,sqlite,0,10,5.612,5.839,5.533,5.699,5.377,8.097,0.1373
cold,nist-pdf-0004,sqlite,0,10,6.420,6.634,6.341,6.441,6.278,8.835,0.1172
cold,nist-pdf-0016,sqlite,0,10,5.856,6.058,5.809,5.943,5.587,7.905,0.1100
cold,nist-pdf-0017,sqlite,0,10,6.665,7.342,6.575,7.018,6.257,10.912,0.2053
cold,nist-docx-0005,sqlite,1,10,12.160,12.861,11.285,14.095,11.133,16.028,0.1441
cold,nist-docx-0008,sqlite,1,10,11.178,11.220,11.065,11.336,10.757,11.722,0.0248
cold,nist-docx-0009,sqlite,1,10,11.316,11.399,11.015,11.681,10.934,12.255,0.0400
cold,nist-docx-0014,sqlite,1,10,12.268,12.503,12.103,12.359,11.942,15.129,0.0752
cold,nist-epub-0003,sqlite,1,10,11.624,11.843,11.447,12.121,11.290,12.897,0.0460
cold,nist-epub-0006,sqlite,1,10,11.764,11.706,11.315,12.055,11.128,12.345,0.0370
cold,nist-epub-0008,sqlite,1,10,11.868,11.928,11.818,11.964,11.576,12.618,0.0229
cold,nist-epub-0009,sqlite,1,10,13.319,13.363,13.115,13.566,12.755,14.081,0.0294
cold,nist-pdf-0002,sqlite,1,10,5.668,5.873,5.517,5.715,5.430,8.313,0.1471
cold,nist-pdf-0004,sqlite,1,10,6.244,6.803,6.154,6.460,5.968,9.223,0.1858
cold,nist-pdf-0016,sqlite,1,10,5.827,6.217,5.718,6.530,5.554,7.819,0.1289
cold,nist-pdf-0017,sqlite,1,10,6.750,7.058,6.452,6.963,6.142,9.152,0.1422
cold,nist-docx-0005,sqlite,2,10,12.297,12.459,11.264,13.550,10.979,14.487,0.1082
cold,nist-docx-0008,sqlite,2,10,11.268,11.317,11.040,11.416,10.962,12.288,0.0343
cold,nist-docx-0009,sqlite,2,10,11.341,11.375,11.217,11.492,11.065,11.884,0.0204
cold,nist-docx-0014,sqlite,2,10,12.113,12.489,12.043,12.274,11.907,15.760,0.0929
cold,nist-epub-0003,sqlite,2,10,11.896,12.021,11.614,12.331,11.531,13.045,0.0411
cold,nist-epub-0006,sqlite,2,10,11.816,11.741,11.389,11.875,11.129,12.523,0.0376
cold,nist-epub-0008,sqlite,2,10,11.930,11.903,11.812,11.978,11.699,12.081,0.0103
cold,nist-epub-0009,sqlite,2,10,13.494,13.484,13.386,13.598,13.258,13.629,0.0095
cold,nist-pdf-0002,sqlite,2,10,5.614,5.835,5.498,5.684,5.424,7.915,0.1279
cold,nist-pdf-0004,sqlite,2,10,6.287,6.618,6.129,6.530,6.088,9.384,0.1508
cold,nist-pdf-0016,sqlite,2,10,5.889,6.363,5.772,6.094,5.709,8.726,0.1706
cold,nist-pdf-0017,sqlite,2,10,6.739,7.018,6.598,6.797,6.284,9.471,0.1358
cold,nist-docx-0005,sqlite,3,10,12.729,13.624,11.507,15.591,11.271,17.421,0.1856
cold,nist-docx-0008,sqlite,3,10,11.389,11.382,11.220,11.515,10.885,11.896,0.0251
cold,nist-docx-0009,sqlite,3,10,11.224,11.321,11.120,11.523,11.061,11.814,0.0233
cold,nist-docx-0014,sqlite,3,10,12.028,12.280,11.980,12.419,11.941,13.670,0.0436
cold,nist-epub-0003,sqlite,3,10,11.951,12.057,11.501,12.320,11.274,13.867,0.0628
cold,nist-epub-0006,sqlite,3,10,11.838,11.994,11.651,12.444,11.391,12.746,0.0409
cold,nist-epub-0008,sqlite,3,10,11.947,11.964,11.845,12.097,11.648,12.254,0.0152
cold,nist-epub-0009,sqlite,3,10,13.466,13.524,13.352,13.629,13.122,14.144,0.0229
cold,nist-pdf-0002,sqlite,3,10,5.646,5.902,5.599,5.779,5.454,7.946,0.1255
cold,nist-pdf-0004,sqlite,3,10,6.325,6.587,6.290,6.384,6.268,8.747,0.1160
cold,nist-pdf-0016,sqlite,3,10,5.708,6.185,5.623,6.127,5.511,8.038,0.1602
cold,nist-pdf-0017,sqlite,3,10,6.726,6.969,6.612,7.075,6.269,8.755,0.1033
cold,nist-docx-0005,sqlite,4,10,12.243,13.227,11.496,14.785,10.958,18.200,0.1822
cold,nist-docx-0008,sqlite,4,10,11.505,11.562,11.283,11.769,11.089,12.129,0.0317
cold,nist-docx-0009,sqlite,4,10,11.475,11.493,11.309,11.511,11.256,12.008,0.0207
cold,nist-docx-0014,sqlite,4,10,12.233,12.404,12.184,12.356,11.973,13.658,0.0390
cold,nist-epub-0003,sqlite,4,10,12.333,12.227,11.752,12.648,11.557,12.960,0.0436
cold,nist-epub-0006,sqlite,4,10,11.869,11.909,11.612,12.184,11.369,12.441,0.0309
cold,nist-epub-0008,sqlite,4,10,12.271,12.252,11.978,12.462,11.619,13.250,0.0392
cold,nist-epub-0009,sqlite,4,10,13.518,13.673,13.292,13.857,13.182,14.949,0.0402
cold,nist-pdf-0002,sqlite,4,10,5.887,6.280,5.777,5.991,5.547,8.588,0.1623
cold,nist-pdf-0004,sqlite,4,10,6.432,6.716,6.339,6.655,6.280,9.006,0.1226
cold,nist-pdf-0016,sqlite,4,10,5.833,6.322,5.691,6.076,5.620,8.521,0.1752
cold,nist-pdf-0017,sqlite,4,10,6.849,7.037,6.688,7.045,6.194,8.238,0.0939
cold,nist-docx-0005,sqlite,5,10,12.233,12.929,11.348,14.605,11.217,16.067,0.1445
cold,nist-docx-0008,sqlite,5,10,11.518,11.578,11.449,11.592,10.960,12.465,0.0334
cold,nist-docx-0009,sqlite,5,10,11.428,11.427,11.323,11.471,11.205,11.893,0.0166
cold,nist-docx-0014,sqlite,5,10,12.304,12.318,12.094,12.413,11.684,13.206,0.0329
cold,nist-epub-0003,sqlite,5,10,12.149,12.228,11.882,12.342,11.624,13.589,0.0446
cold,nist-epub-0006,sqlite,5,10,12.063,12.015,11.480,12.439,11.229,12.928,0.0471
cold,nist-epub-0008,sqlite,5,10,12.030,12.178,11.915,12.276,11.704,13.430,0.0397
cold,nist-epub-0009,sqlite,5,10,13.504,13.483,13.347,13.610,12.935,13.982,0.0202
cold,nist-pdf-0002,sqlite,5,10,5.603,6.146,5.467,6.370,5.394,8.207,0.1671
cold,nist-pdf-0004,sqlite,5,10,6.428,6.470,6.213,6.480,6.079,7.580,0.0668
cold,nist-pdf-0016,sqlite,5,10,6.038,6.290,5.846,6.394,5.735,8.391,0.1252
cold,nist-pdf-0017,sqlite,5,10,6.631,7.070,6.584,6.927,6.331,8.802,0.1290
