id	fmt	backend	build_rc	build_ms	files	dirs	bytes
nist-pdf-0002	pdf	packed	0	25	10	16	381882
nist-pdf-0002	pdf	fs	0	712	589	828	343414
nist-pdf-0004	pdf	packed	0	39	10	16	1216084
nist-pdf-0004	pdf	fs	0	692	539	765	1180216
nist-pdf-0016	pdf	packed	0	19	8	12	345470
nist-pdf-0016	pdf	fs	0	228	172	300	334726
nist-pdf-0017	pdf	packed	0	1382	52	94	2841174
nist-pdf-0017	pdf	fs	0	9637	6842	6804	2356854
nist-docx-0005	docx	packed	0	8	5	8	65901
nist-docx-0005	docx	fs	0	41	34	69	62177
nist-docx-0008	docx	packed	0	8	5	8	37639
nist-docx-0008	docx	fs	0	41	34	66	33915
nist-docx-0009	docx	packed	0	10	5	8	166832
nist-docx-0009	docx	fs	0	76	62	119	161652
nist-docx-0014	docx	packed	0	17	5	8	1194783
nist-docx-0014	docx	fs	0	116	89	170	1188199
nist-epub-0003	epub	packed	0	8	5	8	102901
nist-epub-0003	epub	fs	0	71	56	109	98033
nist-epub-0006	epub	packed	0	9	5	8	120183
nist-epub-0006	epub	fs	0	75	62	122	115003
nist-epub-0008	epub	packed	0	8	5	8	45867
nist-epub-0008	epub	fs	0	49	40	79	41831
nist-epub-0009	epub	packed	0	19	5	8	1259371
nist-epub-0009	epub	fs	0	136	102	187	1252111
