id	agency	title	publication_id	format	source_url	landing_page	retrieved_utc	sha256	byte_len	publication_year	publication_family	document_type	producer_or_origin_if_known	size_class	structural_tags	cross_format_family_id	revision_family_id	rights_status	redistributable
nist-pdf-0001	nist	Standards for Security Categorization of Federal Information and Information Systems	NIST FIPS 199	pdf	https://nvlpubs.nist.gov/nistpubs/FIPS/NIST.FIPS.199.pdf	https://csrc.nist.gov/pubs/fips/199/final	2026-10-07T06:16:56Z	73d19f05f71e30f378050f178aa3943c38790bbae56c07f2b5708c5a1a90242f	80356	2004	FIPS	Standard	NIST	<100KiB	table-heavy;born-digital;simple;complex-xref			US-Gov-Public-Domain	true
nasa-pdf-0001	nasa	Summary of NACA Research on Afterburners for Turbojet Engines	NACA-RM-E55L12	pdf	https://ntrs.nasa.gov/api/citations/19640056668/downloads/19640056668.pdf	https://ntrs.nasa.gov/citations/19640056668	2026-10-07T06:21:21Z	3cd2ecf542e453570fdae7125fee11f3b9124e1b075d0d0ba52b923a8323eacd	28003279	1956	NACA	NACA	NASA/NACA (Legacy CDMS)	10-50MiB	scanned;legacy-image;figure-heavy;center:headquarters;complex-xref			US-Gov-Public-Domain	true
nasa-pdf-0002	nasa	Full-Scale Wind-Tunnel Investigation of a Flexible-Wing Manned Test Vehicle	NASA-TN-D-1946	pdf	https://ntrs.nasa.gov/api/citations/19630009859/downloads/19630009859.pdf	https://ntrs.nasa.gov/citations/19630009859	2026-10-07T06:21:24Z	7bc25af8a645e5aeb6ff9dab7a739fc705a25e5ab557ddb78676d89479d43e30	10034634	1963	TN	TN	NASA (Legacy CDMS)	1-10MiB	figure-heavy;table-heavy;complex-xref			US-Gov-Public-Domain	true
nasa-pdf-0003	nasa	NASA Aerodynamics Program	NASA-TM-4368	pdf	https://ntrs.nasa.gov/api/citations/19920015435/downloads/19920015435.pdf	https://ntrs.nasa.gov/citations/19920015435	2026-10-07T06:21:39Z	433259bf4e712381c36d8c5f741b8a977b246558834cb0c1d5dc5967cc7d82c2	116881125	1992	TM	TM	NASA (Legacy CDMS)	>100MiB	table-heavy;figure-heavy;very-large			US-Gov-Public-Domain	true
nasa-pdf-0004	nasa	Research on Hazardous States of Awareness and Physiological Factors in Aerospace Operations	NASA/TM-2002-211444	pdf	https://ntrs.nasa.gov/api/citations/20020039536/downloads/20020039536.pdf	https://ntrs.nasa.gov/citations/20020039536	2026-10-07T06:21:47Z	9f1988a93bbbfa44efcf654734fb352dcfa07cf8d151906dac6302dbddf32baa	7527570	2002	TM	TM	NASA Langley Research Center	1-10MiB	table-heavy;reference-heavy;center:langley;figure-heavy			US-Gov-Public-Domain	true
nasa-pdf-0005	nasa	Boeing Smart Rotor Full-scale Wind Tunnel Test Data Report	NASA/TM-2016-216048	pdf	https://ntrs.nasa.gov/api/citations/20160003515/downloads/20160003515.pdf	https://ntrs.nasa.gov/citations/20160003515	2026-10-07T06:21:49Z	4c6b8d74b7c15103340c2306464bab353cfcdd4714bb26bff43785028c3859fb	3182235	2016	TM	TM	NASA Ames Research Center	1-10MiB	table-heavy;figure-heavy;center:ames;complex-xref;very-large			US-Gov-Public-Domain	true
nasa-pdf-0006	nasa	NASA Systems Engineering Handbook	NASA/SP-2007-6105 Rev1	pdf	https://ntrs.nasa.gov/api/citations/20080008301/downloads/20080008301.pdf	https://ntrs.nasa.gov/citations/20080008301	2026-10-07T06:21:52Z	2ebf1107089417d1b31d79e2cfbd7e742194a0647edb18503ad45e87319bf02b	8936698	2007	SP	HANDBOOK	NASA Headquarters	1-10MiB	born-digital;reference-heavy;appendix-heavy;center:headquarters;complex-xref;very-large		rev-nasa-se-handbook-6105	US-Gov-Public-Domain	true
nasa-epub-0001	nasa	Economic Development of Low Earth Orbit	NASA eBook	epub	https://www.nasa.gov/wp-content/uploads/2023/08/economic-development-of-low-earth-orbit-ebook_0.epub	https://www.nasa.gov/ebooks/economic-development-of-low-earth-orbit/	2026-10-07T06:21:54Z	da8e4908cfb83208dad63235e8fd0a2dd5afbbe72b48ca16a3742e5ac88b5a2e	1703705	2016	HISTORY	BOOK	NASA	1-10MiB	multi-chapter;reference-heavy			US-Gov-Public-Domain	true
nasa-epub-0002	nasa	Earth as Art	NASA eBook	epub	https://www.nasa.gov/wp-content/uploads/2023/08/2018_earth_as_art-nasa.epub	https://www.nasa.gov/ebooks/earth-as-art/	2026-10-07T06:22:00Z	c21e1272f4527d2ee5592261d09dfcee2bd672f8c6e6cf76519855b5f1a5aa0b	39526816	2018	PHOTO	BOOK	NASA	10-50MiB	image-heavy;multi-chapter			US-Gov-Public-Domain	true
nasa-epub-0003	nasa	A Researcher's Guide to: Fluid Physics	NASA ISS Researcher's Guide	epub	https://www.nasa.gov/wp-content/uploads/2019/10/iss-fluid-physics-2020.epub	https://www.nasa.gov/science-research/for-researchers/a-researchers-guide-to-fluid-physics/	2026-10-07T06:22:02Z	4059489ed3f11e25753e53218e7d5bb99a3a42d222c94e825c9fd915d1298e63	3747808	2020	RESEARCH	GUIDE	NASA	1-10MiB	simple;nav-heavy;multi-chapter;image-heavy			US-Gov-Public-Domain	true
nasa-epub-0004	nasa	Earth at Night	NASA eBook	epub	https://www.nasa.gov/wp-content/uploads/2019/11/earth_at_night-ebook.epub	https://www.nasa.gov/ebooks/earth-at-night/	2026-10-07T06:22:15Z	d33bba3c35d50e70e111cbd310220cf89bda4a83a81e7c77af44f98caac951f4	46837603	2019	PHOTO	BOOK	NASA	10-50MiB	image-heavy;unusual;multi-chapter			US-Gov-Public-Domain	true
nist-pdf-0002	nist	Security and Privacy Controls for Information Systems and Organizations	NIST SP 800-53 Rev. 5	pdf	https://nvlpubs.nist.gov/nistpubs/SpecialPublications/NIST.SP.800-53r5.pdf	https://csrc.nist.gov/pubs/sp/800/53/r5/upd1/final	2026-10-07T06:22:18Z	fc63bcd61715d0181dd8e85998b1e6201ae3515fc6626102101cab1841e11ec6	6073678	2020	SP	SP	NIST	1-10MiB	table-heavy;appendix-heavy;reference-heavy;figure-heavy;complex-xref;very-large		rev-nist-sp800-53	US-Gov-Public-Domain	true
nist-pdf-0003	nist	Guide for Developing Security Plans for Federal Information Systems	NIST SP 800-18 Rev. 2	pdf	https://nvlpubs.nist.gov/nistpubs/SpecialPublications/NIST.SP.800-18r2.pdf	https://csrc.nist.gov/pubs/sp/800/18/r2/final	2026-10-07T06:22:19Z	640f9124469f285fc39dbeffd59708c84043d1a6b64cc87988f31e7e98942371	1313448	2025	SP	SP	NIST	1-10MiB	born-digital;reference-heavy;complex-xref	cf-nist-sp800-18r2	rev-nist-sp800-18	US-Gov-Public-Domain	true
nist-pdf-0004	nist	Technical Guide to Information Security Testing and Assessment	NIST SP 800-115	pdf	https://nvlpubs.nist.gov/nistpubs/Legacy/SP/nistspecialpublication800-115.pdf	https://csrc.nist.gov/pubs/sp/800/115/final	2026-10-07T06:22:20Z	58e5ed41e5c8ca34ce14fd80b70f118f2c6d613d1647bc307edca30bcc45f063	544047	2008	OTHER	SP	NIST	100KiB-1MiB	table-heavy;figure-heavy;complex-xref	cf-nist-sp800-115		US-Gov-Public-Domain	true
nist-pdf-0005	nist	NIST Technical Note 2161 (Engineering Laboratory)	NIST TN 2161	pdf	https://nvlpubs.nist.gov/nistpubs/TechnicalNotes/NIST.TN.2161.pdf	https://nvlpubs.nist.gov/nistpubs/TechnicalNotes/NIST.TN.2161.pdf	2026-10-07T06:22:22Z	f590b7b1c1699ce8d48f7cf533d6a2f515c54490a30f08e75b42f794dffa42cd	5701173	2020	TN	TN	NIST	1-10MiB	equation-heavy;figure-heavy;complex-xref			US-Gov-Public-Domain	true
nist-pdf-0006	nist	Specifications, Tolerances, and Other Technical Requirements for Weighing and Measuring Devices	NIST Handbook 44 (2024)	pdf	https://nvlpubs.nist.gov/nistpubs/hb/2024/NIST.HB.44-2024.pdf	https://www.nist.gov/pml/owm/nist-handbook-44	2026-10-07T06:22:32Z	419b1501115086972ddfcb9accdc49dca0b8a27c3af8aa5d648b21d30229e34d	77578129	2024	HANDBOOK	HANDBOOK	NIST	50-100MiB	very-large;table-heavy;appendix-heavy;complex-xref		rev-nist-hb44	US-Gov-Public-Domain	true
nist-docx-0001	nist	SP 800-18 Rev. 2 System Security Plan Outline Example	NIST SP 800-18 Rev. 2 (supporting file)	docx	https://csrc.nist.gov/files/pubs/sp/800/18/r2/ipd/docs/sp800-18r2_system_security_plan_outline_example.docx	https://csrc.nist.gov/pubs/sp/800/18/r2/final	2026-10-07T06:22:33Z	47885ad3f525df8ed56c18d9cce06c510babbc5440dcf823a9a13d08017151f4	2286200	2025	SP	SP	NIST	1-10MiB	form;table-heavy;deep-headings;list-heavy	cf-nist-sp800-18r2	rev-nist-sp800-18	US-Gov-Public-Domain	true
nist-docx-0002	nist	SP 800-34 Rev. 1 Contingency Planning Template (High-Impact System)	NIST SP 800-34 Rev. 1 (supporting file)	docx	https://csrc.nist.gov/files/pubs/sp/800/34/r1/upd1/final/docs/sp800-34-rev1_cp_template_high_impact_system.docx	https://csrc.nist.gov/pubs/sp/800/34/r1/upd1/final	2026-10-07T06:22:34Z	c429c2b93397b318fa14c9718afb564f9162913e1a71a0d964849a5b862a996d	57045	2010	SP	SP	NIST	<100KiB	form;table-heavy;list-heavy			US-Gov-Public-Domain	true
nist-epub-0001	nist	Technical Guide to Information Security Testing and Assessment	NIST SP 800-115 (EPUB)	epub	https://csrc.nist.gov/publications/nistpubs/800-115/sp800_115.epub	https://csrc.nist.gov/pubs/sp/800/115/final	2026-10-07T06:22:35Z	b6bdb557a0d7bdac3bd579ade42520f6bf89ffe319a52ebc8b786bff59a06064	168431	2008	SP	SP	NIST	100KiB-1MiB	simple;table-heavy;multi-chapter	cf-nist-sp800-115		US-Gov-Public-Domain	true
nist-epub-0002	nist	The NIST Definition of Cloud Computing	NIST SP 800-145 (EPUB)	epub	https://csrc.nist.gov/publications/nistpubs/800-145/sp800_145.epub	https://csrc.nist.gov/pubs/sp/800/145/final	2026-10-07T06:22:36Z	42707b70a478a289a35146af3fb0d7ace341dae804625a160728d7589e126437	35841	2011	SP	SP	NIST	<100KiB	simple			US-Gov-Public-Domain	true
