id	fmt	lane	depth	rc	us	bytes_after	materialized
nist-pdf-0002	pdf	adaptive	1	0	275052	655360	coord,idx_blocks_doc
nist-pdf-0002	pdf	adaptive	2	0	272065	663552	provenance
nist-pdf-0002	pdf	adaptive	3	0	25620	663552	none
nist-pdf-0002	pdf	adaptive	4	0	274721	671744	revisions
nist-pdf-0002	pdf	adaptive	5	0	25872	671744	none
nist-pdf-0004	pdf	adaptive	1	0	363003	1695744	coord,idx_blocks_doc
nist-pdf-0004	pdf	adaptive	2	0	360975	1703936	provenance
nist-pdf-0004	pdf	adaptive	3	0	26299	1703936	none
nist-pdf-0004	pdf	adaptive	4	0	359617	1712128	revisions
nist-pdf-0004	pdf	adaptive	5	0	25583	1712128	none
nist-pdf-0016	pdf	adaptive	1	0	67871	401408	coord,idx_blocks_doc
nist-pdf-0016	pdf	adaptive	2	0	68687	409600	provenance
nist-pdf-0016	pdf	adaptive	3	0	27918	409600	none
nist-pdf-0016	pdf	adaptive	4	0	68811	417792	revisions
nist-pdf-0016	pdf	adaptive	5	0	25222	417792	none
nist-pdf-0017	pdf	adaptive	1	0	304290	1949696	coord,idx_blocks_doc
nist-pdf-0017	pdf	adaptive	2	0	303194	1957888	provenance
nist-pdf-0017	pdf	adaptive	3	0	25506	1957888	none
nist-pdf-0017	pdf	adaptive	4	0	304333	1966080	revisions
nist-pdf-0017	pdf	adaptive	5	0	25868	1966080	none
nist-docx-0005	docx	adaptive	1	0	44862	237568	coord,idx_blocks_doc
nist-docx-0005	docx	adaptive	2	0	39372	262144	provenance
nist-docx-0005	docx	adaptive	3	0	25274	262144	none
nist-docx-0005	docx	adaptive	4	0	39687	270336	revisions
nist-docx-0005	docx	adaptive	5	0	25158	270336	none
nist-docx-0008	docx	adaptive	1	0	32912	110592	coord,idx_blocks_doc
nist-docx-0008	docx	adaptive	2	0	34562	118784	provenance
nist-docx-0008	docx	adaptive	3	0	24723	118784	none
nist-docx-0008	docx	adaptive	4	0	34099	126976	revisions
nist-docx-0008	docx	adaptive	5	0	25687	126976	none
nist-docx-0009	docx	adaptive	1	0	103831	466944	coord,idx_blocks_doc
nist-docx-0009	docx	adaptive	2	0	105298	475136	provenance
nist-docx-0009	docx	adaptive	3	0	26382	475136	none
nist-docx-0009	docx	adaptive	4	0	106545	483328	revisions
nist-docx-0009	docx	adaptive	5	0	27616	483328	none
nist-docx-0014	docx	adaptive	1	0	138122	1536000	coord,idx_blocks_doc
nist-docx-0014	docx	adaptive	2	0	133456	1560576	provenance
nist-docx-0014	docx	adaptive	3	0	25300	1560576	none
nist-docx-0014	docx	adaptive	4	0	134035	1568768	revisions
nist-docx-0014	docx	adaptive	5	0	28456	1568768	none
nist-epub-0003	epub	adaptive	1	0	50404	557056	coord,idx_blocks_doc
nist-epub-0003	epub	adaptive	2	0	42522	610304	provenance
nist-epub-0003	epub	adaptive	3	0	25264	610304	none
nist-epub-0003	epub	adaptive	4	0	38793	618496	revisions
nist-epub-0003	epub	adaptive	5	0	27765	618496	none
nist-epub-0006	epub	adaptive	1	0	105812	307200	coord,idx_blocks_doc
nist-epub-0006	epub	adaptive	2	0	81300	327680	provenance
nist-epub-0006	epub	adaptive	3	0	26110	327680	none
nist-epub-0006	epub	adaptive	4	0	181146	335872	revisions
nist-epub-0006	epub	adaptive	5	0	28130	335872	none
nist-epub-0008	epub	adaptive	1	0	126352	118784	coord,idx_blocks_doc
nist-epub-0008	epub	adaptive	2	0	106059	135168	provenance
nist-epub-0008	epub	adaptive	3	0	26128	135168	none
nist-epub-0008	epub	adaptive	4	0	102040	143360	revisions
nist-epub-0008	epub	adaptive	5	0	24994	143360	none
nist-epub-0009	epub	adaptive	1	0	107577	1892352	coord,idx_blocks_doc
nist-epub-0009	epub	adaptive	2	0	96627	1949696	provenance
nist-epub-0009	epub	adaptive	3	0	24985	1949696	none
nist-epub-0009	epub	adaptive	4	0	65829	1957888	revisions
nist-epub-0009	epub	adaptive	5	0	24389	1957888	none
