id	fmt	lane	depth	bytes	files
nist-pdf-0002	pdf	vole	all	381882	10
nist-pdf-0002	pdf	full	5	671744	1
nist-pdf-0002	pdf	hist	5	1155072	1
nist-pdf-0002	pdf	adaptive	C1	655360	1
nist-pdf-0002	pdf	adaptive	C2	663552	1
nist-pdf-0002	pdf	adaptive	C3	663552	1
nist-pdf-0002	pdf	adaptive	C4	671744	1
nist-pdf-0002	pdf	adaptive	C5	671744	1
nist-pdf-0004	pdf	vole	all	1216084	10
nist-pdf-0004	pdf	full	5	1712128	1
nist-pdf-0004	pdf	hist	5	2514944	1
nist-pdf-0004	pdf	adaptive	C1	1695744	1
nist-pdf-0004	pdf	adaptive	C2	1703936	1
nist-pdf-0004	pdf	adaptive	C3	1703936	1
nist-pdf-0004	pdf	adaptive	C4	1712128	1
nist-pdf-0004	pdf	adaptive	C5	1712128	1
nist-pdf-0016	pdf	vole	all	345470	8
nist-pdf-0016	pdf	full	5	417792	1
nist-pdf-0016	pdf	hist	5	532480	1
nist-pdf-0016	pdf	adaptive	C1	401408	1
nist-pdf-0016	pdf	adaptive	C2	409600	1
nist-pdf-0016	pdf	adaptive	C3	409600	1
nist-pdf-0016	pdf	adaptive	C4	417792	1
nist-pdf-0016	pdf	adaptive	C5	417792	1
nist-pdf-0017	pdf	vole	all	2841174	52
nist-pdf-0017	pdf	full	5	1966080	1
nist-pdf-0017	pdf	hist	5	2527232	1
nist-pdf-0017	pdf	adaptive	C1	1949696	1
nist-pdf-0017	pdf	adaptive	C2	1957888	1
nist-pdf-0017	pdf	adaptive	C3	1957888	1
nist-pdf-0017	pdf	adaptive	C4	1966080	1
nist-pdf-0017	pdf	adaptive	C5	1966080	1
nist-docx-0005	docx	vole	all	65901	5
nist-docx-0005	docx	full	5	262144	1
nist-docx-0005	docx	hist	5	434176	1
nist-docx-0005	docx	adaptive	C1	237568	1
nist-docx-0005	docx	adaptive	C2	262144	1
nist-docx-0005	docx	adaptive	C3	262144	1
nist-docx-0005	docx	adaptive	C4	270336	1
nist-docx-0005	docx	adaptive	C5	270336	1
nist-docx-0008	docx	vole	all	37639	5
nist-docx-0008	docx	full	5	126976	1
nist-docx-0008	docx	hist	5	212992	1
nist-docx-0008	docx	adaptive	C1	110592	1
nist-docx-0008	docx	adaptive	C2	118784	1
nist-docx-0008	docx	adaptive	C3	118784	1
nist-docx-0008	docx	adaptive	C4	126976	1
nist-docx-0008	docx	adaptive	C5	126976	1
nist-docx-0009	docx	vole	all	166832	5
nist-docx-0009	docx	full	5	483328	1
nist-docx-0009	docx	hist	5	684032	1
nist-docx-0009	docx	adaptive	C1	466944	1
nist-docx-0009	docx	adaptive	C2	475136	1
nist-docx-0009	docx	adaptive	C3	475136	1
nist-docx-0009	docx	adaptive	C4	483328	1
nist-docx-0009	docx	adaptive	C5	483328	1
nist-docx-0014	docx	vole	all	1194783	5
nist-docx-0014	docx	full	5	1564672	1
nist-docx-0014	docx	hist	5	1998848	1
nist-docx-0014	docx	adaptive	C1	1536000	1
nist-docx-0014	docx	adaptive	C2	1560576	1
nist-docx-0014	docx	adaptive	C3	1560576	1
nist-docx-0014	docx	adaptive	C4	1568768	1
nist-docx-0014	docx	adaptive	C5	1568768	1
nist-epub-0003	epub	vole	all	102901	5
nist-epub-0003	epub	full	5	593920	1
nist-epub-0003	epub	hist	5	1134592	1
nist-epub-0003	epub	adaptive	C1	557056	1
nist-epub-0003	epub	adaptive	C2	610304	1
nist-epub-0003	epub	adaptive	C3	610304	1
nist-epub-0003	epub	adaptive	C4	618496	1
nist-epub-0003	epub	adaptive	C5	618496	1
nist-epub-0006	epub	vole	all	120183	5
nist-epub-0006	epub	full	5	327680	1
nist-epub-0006	epub	hist	5	544768	1
nist-epub-0006	epub	adaptive	C1	307200	1
nist-epub-0006	epub	adaptive	C2	327680	1
nist-epub-0006	epub	adaptive	C3	327680	1
nist-epub-0006	epub	adaptive	C4	335872	1
nist-epub-0006	epub	adaptive	C5	335872	1
nist-epub-0008	epub	vole	all	45867	5
nist-epub-0008	epub	full	5	139264	1
nist-epub-0008	epub	hist	5	237568	1
nist-epub-0008	epub	adaptive	C1	118784	1
nist-epub-0008	epub	adaptive	C2	135168	1
nist-epub-0008	epub	adaptive	C3	135168	1
nist-epub-0008	epub	adaptive	C4	143360	1
nist-epub-0008	epub	adaptive	C5	143360	1
nist-epub-0009	epub	vole	all	1259371	5
nist-epub-0009	epub	full	5	1933312	1
nist-epub-0009	epub	hist	5	2744320	1
nist-epub-0009	epub	adaptive	C1	1892352	1
nist-epub-0009	epub	adaptive	C2	1949696	1
nist-epub-0009	epub	adaptive	C3	1949696	1
nist-epub-0009	epub	adaptive	C4	1957888	1
nist-epub-0009	epub	adaptive	C5	1957888	1
