fixture	lane	rep	rc	us
psv-basic.psv	vole	1	0	34447
psv-basic.psv	sqlite	1	0	42095
psv-basic.psv	conv	1	0	39102
psv-basic.psv	duckdb	1	0	100757
psv-basic.psv	duckdb	2	0	95889
psv-basic.psv	vole	2	0	32163
psv-basic.psv	sqlite	2	0	44237
psv-basic.psv	conv	2	0	30995
psv-basic.psv	conv	3	0	32625
psv-basic.psv	duckdb	3	0	86433
psv-basic.psv	vole	3	0	28772
psv-basic.psv	sqlite	3	0	39693
psv-quotes.psv	vole	1	0	147632
psv-quotes.psv	sqlite	1	0	114518
psv-quotes.psv	conv	1	0	60285
psv-quotes.psv	duckdb	1	0	226943
psv-quotes.psv	duckdb	2	0	111708
psv-quotes.psv	vole	2	0	63333
psv-quotes.psv	sqlite	2	0	84580
psv-quotes.psv	conv	2	0	86508
psv-quotes.psv	conv	3	0	47111
psv-quotes.psv	duckdb	3	0	94727
psv-quotes.psv	vole	3	0	49472
psv-quotes.psv	sqlite	3	0	51800
fw-basic.fw	vole	1	0	32578
fw-basic.fw	sqlite	1	0	42109
fw-basic.fw	conv	1	0	32081
fw-basic.fw	duckdb	1	0	94366
fw-basic.fw	duckdb	2	0	94738
fw-basic.fw	vole	2	0	28781
fw-basic.fw	sqlite	2	0	40354
fw-basic.fw	conv	2	0	32308
fw-basic.fw	conv	3	0	32460
fw-basic.fw	duckdb	3	0	92644
fw-basic.fw	vole	3	0	28991
fw-basic.fw	sqlite	3	0	32162
fw-three.fw	vole	1	0	30679
fw-three.fw	sqlite	1	0	40793
fw-three.fw	conv	1	0	23855
fw-three.fw	duckdb	1	0	96607
fw-three.fw	duckdb	2	0	96294
fw-three.fw	vole	2	0	29766
fw-three.fw	sqlite	2	0	39149
fw-three.fw	conv	2	0	26553
fw-three.fw	conv	3	0	27221
fw-three.fw	duckdb	3	0	98324
fw-three.fw	vole	3	0	34048
fw-three.fw	sqlite	3	0	40840
fw-crlf.fw	vole	1	0	28116
fw-crlf.fw	sqlite	1	0	41337
fw-crlf.fw	conv	1	0	33580
fw-crlf.fw	duckdb	1	0	93844
fw-crlf.fw	duckdb	2	0	96645
fw-crlf.fw	vole	2	0	31958
fw-crlf.fw	sqlite	2	0	39752
fw-crlf.fw	conv	2	0	32351
fw-crlf.fw	conv	3	0	33192
fw-crlf.fw	duckdb	3	0	97218
fw-crlf.fw	vole	3	0	28765
fw-crlf.fw	sqlite	3	0	39866
large.psv	vole	1	0	36429
large.psv	sqlite	1	0	55396
large.psv	conv	1	0	53538
large.psv	duckdb	1	0	101863
large.psv	duckdb	2	0	102808
large.psv	vole	2	0	38307
large.psv	sqlite	2	0	56906
large.psv	conv	2	0	54451
large.psv	conv	3	0	54812
large.psv	duckdb	3	0	114844
large.psv	vole	3	0	36525
large.psv	sqlite	3	0	48083
large.fw	vole	1	0	58868
large.fw	sqlite	1	0	56274
large.fw	conv	1	0	54473
large.fw	duckdb	1	0	97751
large.fw	duckdb	2	0	102017
large.fw	vole	2	0	67138
large.fw	sqlite	2	0	41246
large.fw	conv	2	0	37442
large.fw	conv	3	0	38321
large.fw	duckdb	3	0	85658
large.fw	vole	3	0	55482
large.fw	sqlite	3	0	52755
