fixture	vole_ok	sqlite_ok	len_ok	sha_ok	cmp_ok	v_us	s_us
psv-basic.psv	true	true	true	true	true	30085	57577
psv-quotes.psv	true	true	true	true	true	3384	32952
fw-basic.fw	true	true	true	true	true	3309	25715
fw-three.fw	true	true	true	true	true	3489	24356
fw-crlf.fw	true	true	true	true	true	3748	31039
large.psv	true	true	true	true	true	4270	27618
large.fw	true	true	true	true	true	4413	30769
comma.csv	true	-	true	true	true	2910	-
markdown.md	true	-	true	true	true	2999	-
prose.txt	true	-	true	true	true	3205	-
spaced.txt	true	-	true	true	true	3252	-
