id	fmt	sclass	byte_len	v_enc_rc	v_enc_ms	v_ing_rc	v_ing_ms	v_store_bytes	v_desc_bytes
nist-pdf-0002	pdf	100KiB-1MiB	263703	0	716	0	0	343414	264184
nist-pdf-0004	pdf	1-10MiB	1105061	0	659	0	0	1180216	1105542
nist-pdf-0016	pdf	100KiB-1MiB	310627	0	208	0	0	334726	311108
nist-pdf-0017	pdf	1-10MiB	1466246	0	9425	0	0	2356854	1466727
nist-docx-0005	docx	<100KiB	57045	0	46	0	0	62177	57526
nist-docx-0008	docx	<100KiB	28783	0	42	0	0	33915	29264
nist-docx-0009	docx	100KiB-1MiB	152516	0	73	0	0	161652	152997
nist-docx-0014	docx	100KiB-1MiB	948422	0	117	0	0	1188199	948903
nist-epub-0003	epub	<100KiB	89755	0	66	0	0	98033	90236
nist-epub-0006	epub	100KiB-1MiB	105867	0	73	0	0	115003	106348
nist-epub-0008	epub	<100KiB	35841	0	47	0	0	41831	36322
nist-epub-0009	epub	1-10MiB	1237255	0	133	0	0	1252111	1237736
