id	fmt	depth	build_rc	build_ms	db_bytes	blocks	heading_nodes	tables	cells	resources
nist-pdf-0002	pdf	0	0	272	1134592	53	0	0	0	0
nist-pdf-0002	pdf	1	0	270	1138688	53	0	0	0	0
nist-pdf-0002	pdf	2	0	267	1146880	53	0	0	0	0
nist-pdf-0002	pdf	3	0	274	1146880	53	0	0	0	0
nist-pdf-0002	pdf	4	0	273	1155072	53	0	0	0	0
nist-pdf-0002	pdf	5	0	270	1155072	53	0	0	0	0
nist-pdf-0004	pdf	0	0	362	2494464	80	0	0	0	0
nist-pdf-0004	pdf	1	0	361	2498560	80	0	0	0	0
nist-pdf-0004	pdf	2	0	363	2506752	80	0	0	0	0
nist-pdf-0004	pdf	3	0	365	2506752	80	0	0	0	0
nist-pdf-0004	pdf	4	0	363	2514944	80	0	0	0	0
nist-pdf-0004	pdf	5	0	363	2514944	80	0	0	0	0
nist-pdf-0016	pdf	0	0	71	512000	11	0	0	0	0
nist-pdf-0016	pdf	1	0	72	516096	11	0	0	0	0
nist-pdf-0016	pdf	2	0	72	524288	11	0	0	0	0
nist-pdf-0016	pdf	3	0	69	524288	11	0	0	0	0
nist-pdf-0016	pdf	4	0	71	532480	11	0	0	0	0
nist-pdf-0016	pdf	5	0	71	532480	11	0	0	0	0
nist-pdf-0017	pdf	0	0	307	2506752	69	0	0	0	0
nist-pdf-0017	pdf	1	0	304	2510848	69	0	0	0	0
nist-pdf-0017	pdf	2	0	305	2519040	69	0	0	0	0
nist-pdf-0017	pdf	3	0	304	2519040	69	0	0	0	0
nist-pdf-0017	pdf	4	0	305	2527232	69	0	0	0	0
nist-pdf-0017	pdf	5	0	305	2527232	69	0	0	0	0
nist-docx-0005	docx	0	0	44	389120	342	0	4	181	0
nist-docx-0005	docx	1	0	45	401408	342	0	4	181	0
nist-docx-0005	docx	2	0	44	425984	342	0	4	181	0
nist-docx-0005	docx	3	0	45	425984	342	0	4	181	0
nist-docx-0005	docx	4	0	45	434176	342	0	4	181	0
nist-docx-0005	docx	5	0	45	434176	342	0	4	181	0
nist-docx-0008	docx	0	0	37	192512	81	0	5	89	0
nist-docx-0008	docx	1	0	37	196608	81	0	5	89	0
nist-docx-0008	docx	2	0	37	204800	81	0	5	89	0
nist-docx-0008	docx	3	0	37	204800	81	0	5	89	0
nist-docx-0008	docx	4	0	37	212992	81	0	5	89	0
nist-docx-0008	docx	5	0	37	212992	81	0	5	89	0
nist-docx-0009	docx	0	0	110	659456	84	0	21	3647	0
nist-docx-0009	docx	1	0	109	667648	84	0	21	3647	0
nist-docx-0009	docx	2	0	110	675840	84	0	21	3647	0
nist-docx-0009	docx	3	0	112	675840	84	0	21	3647	0
nist-docx-0009	docx	4	0	110	684032	84	0	21	3647	0
nist-docx-0009	docx	5	0	110	684032	84	0	21	3647	0
nist-docx-0014	docx	0	0	335	1949696	320	75	72	4030	13
nist-docx-0014	docx	1	0	404	1966080	320	75	72	4030	13
nist-docx-0014	docx	2	0	387	1990656	320	75	72	4030	13
nist-docx-0014	docx	3	0	351	1990656	320	75	72	4030	13
nist-docx-0014	docx	4	0	347	1998848	320	75	72	4030	13
nist-docx-0014	docx	5	0	362	1998848	320	75	72	4030	13
nist-epub-0003	epub	0	0	281	1052672	678	51	4	220	2
nist-epub-0003	epub	1	0	221	1073152	678	51	4	220	2
nist-epub-0003	epub	2	0	229	1126400	678	51	4	220	2
nist-epub-0003	epub	3	0	237	1126400	678	51	4	220	2
nist-epub-0003	epub	4	0	230	1134592	678	51	4	220	2
nist-epub-0003	epub	5	0	484	1134592	678	51	4	220	2
nist-epub-0006	epub	0	0	41	512000	181	24	5	192	18
nist-epub-0006	epub	1	0	43	516096	181	24	5	192	18
nist-epub-0006	epub	2	0	40	536576	181	24	5	192	18
nist-epub-0006	epub	3	0	40	536576	181	24	5	192	18
nist-epub-0006	epub	4	0	40	544768	181	24	5	192	18
nist-epub-0006	epub	5	0	40	544768	181	24	5	192	18
nist-epub-0008	epub	0	0	34	208896	71	5	1	8	2
nist-epub-0008	epub	1	0	35	212992	71	5	1	8	2
nist-epub-0008	epub	2	0	35	229376	71	5	1	8	2
nist-epub-0008	epub	3	0	35	229376	71	5	1	8	2
nist-epub-0008	epub	4	0	36	237568	71	5	1	8	2
nist-epub-0008	epub	5	0	35	237568	71	5	1	8	2
nist-epub-0009	epub	0	0	62	2658304	715	106	8	233	19
nist-epub-0009	epub	1	0	63	2678784	715	106	8	233	19
nist-epub-0009	epub	2	0	62	2736128	715	106	8	233	19
nist-epub-0009	epub	3	0	63	2736128	715	106	8	233	19
nist-epub-0009	epub	4	0	62	2744320	715	106	8	233	19
nist-epub-0009	epub	5	0	63	2744320	715	106	8	233	19
